model,country,phrasing,condition,p_true,p_counterfactual,rank_true,rank_counterfactual,top1,top1_is_true,top1_is_counterfactual
gpt2,France,1,no_doc,0.06629045307636261,0.001987721072509885,2,69, the,False,False
gpt2,France,1,doc,0.035564031451940536,0.23744593560695648,3,1, Lyon,False,True
gpt2,France,2,no_doc,0.290017694234848,0.029501082375645638,1,5, Paris,True,False
gpt2,France,2,doc,0.04881453141570091,0.2785032391548157,3,1, Lyon,False,True
gpt2,France,3,no_doc,0.019212521612644196,0.0006993889110162854,8,171, the,False,False
gpt2,France,3,doc,0.01068637240678072,0.010477040894329548,9,10, the,False,False
gpt2,Japan,1,no_doc,0.04719686880707741,0.01635528728365898,3,6, the,False,False
gpt2,Japan,1,doc,0.10211510956287384,0.2019306719303131,3,1, Osaka,False,True
gpt2,Japan,2,no_doc,0.5633499026298523,0.07121161371469498,1,2, Tokyo,True,False
gpt2,Japan,2,doc,0.2452835738658905,0.22731105983257294,1,2, Tokyo,True,False
gpt2,Japan,3,no_doc,0.014944213442504406,0.0029177856631577015,9,39, the,False,False
gpt2,Japan,3,doc,0.023935871198773384,0.010427729226648808,6,10, the,False,False
gpt2,Italy,1,no_doc,0.0726487785577774,0.05721485987305641,2,3, the,False,False
gpt2,Italy,1,doc,0.0630699023604393,0.23724915087223053,3,1, Milan,False,True
gpt2,Italy,2,no_doc,0.45620250701904297,0.06330142915248871,1,2, Rome,True,False
gpt2,Italy,2,doc,0.10117184370756149,0.1450347900390625,3,2, the,False,False
gpt2,Italy,3,no_doc,0.022991614416241646,0.009660236537456512,6,9, the,False,False
gpt2,Italy,3,doc,0.015077740885317326,0.04266344755887985,8,3, the,False,False
gpt2,Egypt,1,no_doc,0.03778885304927826,0.02069142274558544,2,4, the,False,False
gpt2,Egypt,1,doc,0.16456246376037598,0.10051830112934113,2,3, the,False,False
gpt2,Egypt,2,no_doc,0.2985760271549225,0.09435625374317169,1,3, Cairo,True,False
gpt2,Egypt,2,doc,0.19234232604503632,0.08297888189554214,2,3, the,False,False
gpt2,Egypt,3,no_doc,0.00965240877121687,0.003689840901643038,8,29, the,False,False
gpt2,Egypt,3,doc,0.027075408026576042,0.00555434450507164,6,14, the,False,False
gpt2,Canada,1,no_doc,0.023631157353520393,0.017577940598130226,4,6, the,False,False
gpt2,Canada,1,doc,0.024331049993634224,0.30299103260040283,5,1, Toronto,False,True
gpt2,Canada,2,no_doc,0.20746316015720367,0.10956671088933945,1,3, Ottawa,True,False
gpt2,Canada,2,doc,0.06220120191574097,0.33841070532798767,3,1, Toronto,False,True
gpt2,Canada,3,no_doc,0.01304347813129425,0.0033769654110074043,7,34, the,False,False
gpt2,Canada,3,doc,0.018756447359919548,0.02198043279349804,8,6, the,False,False
gpt2,Australia,1,no_doc,0.010575499385595322,0.027713894844055176,9,4, $,False,False
gpt2,Australia,1,doc,0.026931457221508026,0.2880532145500183,3,1, Sydney,False,True
gpt2,Australia,2,no_doc,0.248261496424675,0.27206137776374817,2,1, Sydney,False,True
gpt2,Australia,2,doc,0.06601093709468842,0.3478812277317047,3,1, Sydney,False,True
gpt2,Australia,3,no_doc,0.011559540405869484,0.011338207870721817,8,9, the,False,False
gpt2,Australia,3,doc,0.01064438559114933,0.03314010798931122,11,3, the,False,False
gpt2,Spain,1,no_doc,0.03344530612230301,0.017763886600732803,3,5, the,False,False
gpt2,Spain,1,doc,0.12000234425067902,0.2220490574836731,3,1, Barcelona,False,True
gpt2,Spain,2,no_doc,0.22475358843803406,0.10999590903520584,1,3, Madrid,True,False
gpt2,Spain,2,doc,0.15649187564849854,0.15534868836402893,2,3, the,False,False
gpt2,Spain,3,no_doc,0.02126784436404705,0.0028033885173499584,6,43, the,False,False
gpt2,Spain,3,doc,0.027876418083906174,0.01756373979151249,5,9, the,False,False
gpt2,Russia,1,no_doc,0.01888039894402027,0.00011392530723242089,4,723, the,False,False
gpt2,Russia,1,doc,0.061846066266298294,0.003652268787845969,2,30, the,False,False
gpt2,Russia,2,no_doc,0.1725560426712036,0.0002485011355020106,2,284, the,False,False
gpt2,Russia,2,doc,0.10560261458158493,0.0024598692543804646,2,41, the,False,False
gpt2,Russia,3,no_doc,0.00936147291213274,0.00010559475049376488,9,804, the,False,False
gpt2,Russia,3,doc,0.007753347512334585,0.0004332523385528475,15,210, the,False,False
gpt2,China,1,no_doc,0.007777523249387741,0.007939518429338932,15,13, the,False,False
gpt2,China,1,doc,0.044054560363292694,0.1458880603313446,3,2, the,False,False
gpt2,China,2,no_doc,0.2572479546070099,0.09098578244447708,1,3, Beijing,True,False
gpt2,China,2,doc,0.11959752440452576,0.14304451644420624,3,2, the,False,False
gpt2,China,3,no_doc,0.010061163455247879,0.006143465638160706,10,15, the,False,False
gpt2,China,3,doc,0.012181284837424755,0.02047356218099594,10,6, the,False,False
gpt2,Kenya,1,no_doc,0.02980361320078373,0.008579366840422153,4,11, the,False,False
gpt2,Kenya,1,doc,0.004425976891070604,0.5031430125236511,13,1, M,False,True
gpt2,Kenya,2,no_doc,0.053695011883974075,0.013676547445356846,3,8, K,False,False
gpt2,Kenya,2,doc,0.0061511690728366375,0.42876315116882324,9,1, M,False,True
gpt2,Kenya,3,no_doc,0.009263555519282818,0.004243819043040276,10,25, the,False,False
gpt2,Kenya,3,doc,0.013211585581302643,0.06986789405345917,9,4, the,False,False
gpt2,Peru,1,no_doc,0.026320282369852066,0.005286766681820154,2,19, the,False,False
gpt2,Peru,1,doc,0.0314473919570446,0.22427426278591156,4,1, C,False,True
gpt2,Peru,2,no_doc,0.21368083357810974,0.006516320630908012,1,15, Lima,True,False
gpt2,Peru,2,doc,0.07662041485309601,0.3322327733039856,3,1, C,False,True
gpt2,Peru,3,no_doc,0.004112614784389734,0.0011102021671831608,24,99, the,False,False
gpt2,Peru,3,doc,0.009811951778829098,0.01239145640283823,11,7, the,False,False
gpt2,Norway,1,no_doc,0.07891002297401428,0.0014627148630097508,1,98, Oslo,True,False
gpt2,Norway,1,doc,0.14761032164096832,0.09011680632829666,2,3, the,False,False
gpt2,Norway,2,no_doc,0.5235816836357117,0.0015683379024267197,1,51, Oslo,True,False
gpt2,Norway,2,doc,0.3274836242198944,0.09145448356866837,1,3, Oslo,True,False
gpt2,Norway,3,no_doc,0.006951143033802509,0.0002763780648820102,16,372, the,False,False
gpt2,Norway,3,doc,0.021700110286474228,0.007019029930233955,7,16, the,False,False
gpt2,Greece,1,no_doc,0.044699642807245255,0.0034185026306658983,2,38, the,False,False
gpt2,Greece,1,doc,0.11956430971622467,0.18344253301620483,3,1, The,False,True
gpt2,Greece,2,no_doc,0.7336112856864929,0.002866117749363184,1,7, Athens,True,False
gpt2,Greece,2,doc,0.29375362396240234,0.19332119822502136,1,2, Athens,True,False
gpt2,Greece,3,no_doc,0.05990814417600632,0.0014524860307574272,3,65, the,False,False
gpt2,Greece,3,doc,0.049712248146533966,0.014513298869132996,3,9, the,False,False
gpt2,Portugal,1,no_doc,0.06971904635429382,0.010268528945744038,2,7, the,False,False
gpt2,Portugal,1,doc,0.12514540553092957,0.19006259739398956,3,1, Port,False,True
gpt2,Portugal,2,no_doc,0.3348797559738159,0.07883407175540924,1,2, Lisbon,True,False
gpt2,Portugal,2,doc,0.12171684205532074,0.318469762802124,2,1, Port,False,True
gpt2,Portugal,3,no_doc,0.02198745682835579,0.001132926787249744,5,98, the,False,False
gpt2,Portugal,3,doc,0.006904462352395058,0.011812823824584484,15,7, the,False,False
gpt2,Morocco,1,no_doc,0.0105154849588871,0.00499334279447794,9,21, the,False,False
gpt2,Morocco,1,doc,0.004143546801060438,0.3909171521663666,14,1, Cas,False,True
gpt2,Morocco,2,no_doc,0.019015079364180565,0.005538983270525932,7,22, the,False,False
gpt2,Morocco,2,doc,0.010965456254780293,0.20543228089809418,9,1, Cas,False,True
gpt2,Morocco,3,no_doc,0.0005099320551380515,0.00045453020720742643,236,266, the,False,False
gpt2,Morocco,3,doc,0.002157880226150155,0.011441157199442387,49,9, the,False,False
gpt2,Turkey,1,no_doc,0.030943742021918297,0.07784896343946457,3,2, the,False,False
gpt2,Turkey,1,doc,0.046939216554164886,0.20527444779872894,3,2, the,False,False
gpt2,Turkey,2,no_doc,0.17141003906726837,0.18056917190551758,2,1, Istanbul,False,True
gpt2,Turkey,2,doc,0.08573876321315765,0.22356665134429932,3,2, the,False,False
gpt2,Turkey,3,no_doc,0.003461932297796011,0.013936720788478851,32,7, the,False,False
gpt2,Turkey,3,doc,0.0031214002519845963,0.02827351540327072,34,6, the,False,False
gpt2,Vietnam,1,no_doc,0.010419487953186035,0.006328471936285496,10,22, the,False,False
gpt2,Vietnam,1,doc,0.008668754249811172,0.12190401554107666,10,2, the,False,False
gpt2,Vietnam,2,no_doc,0.07450316846370697,0.04033520817756653,3,6, the,False,False
gpt2,Vietnam,2,doc,0.021488413214683533,0.20293749868869781,5,1, Sa,False,True
gpt2,Vietnam,3,no_doc,0.009493418969213963,0.002850702265277505,10,47, the,False,False
gpt2,Vietnam,3,doc,0.01180906780064106,0.015957901254296303,10,8, the,False,False
gpt2,Nigeria,1,no_doc,0.017497718334197998,0.034054044634103775,5,3, the,False,False
gpt2,Nigeria,1,doc,0.008995987474918365,0.06979117542505264,12,2, the,False,False
gpt2,Nigeria,2,no_doc,0.034767817705869675,0.05828157812356949,5,3, the,False,False
gpt2,Nigeria,2,doc,0.011753782629966736,0.0667743906378746,11,2, the,False,False
gpt2,Nigeria,3,no_doc,0.009408215060830116,0.0011075056390836835,10,116, the,False,False
gpt2,Nigeria,3,doc,0.015886519104242325,0.0042418441735208035,6,22, the,False,False
gpt2,Switzerland,1,no_doc,0.01285332627594471,0.06210794672369957,10,2, the,False,False
gpt2,Switzerland,1,doc,0.012017744593322277,0.2887718677520752,8,1, Zurich,False,True
gpt2,Switzerland,2,no_doc,0.040866684168577194,0.3534304201602936,4,1, Zurich,False,True
gpt2,Switzerland,2,doc,0.012467390857636929,0.3382854759693146,7,1, Zurich,False,True
gpt2,Switzerland,3,no_doc,0.004561356268823147,0.014925561845302582,26,8, the,False,False
gpt2,Switzerland,3,doc,0.014849992468953133,0.029267393052577972,9,5, the,False,False
gpt2,Netherlands,1,no_doc,0.034524962306022644,0.011006001383066177,2,7, the,False,False
gpt2,Netherlands,1,doc,0.041276898235082626,0.637529194355011,3,1, Rot,False,True
gpt2,Netherlands,2,no_doc,0.20582227408885956,0.06834322959184647,1,4, Amsterdam,True,False
gpt2,Netherlands,2,doc,0.055023908615112305,0.681898295879364,3,1, Rot,False,True
gpt2,Netherlands,3,no_doc,0.007819876074790955,0.001428120071068406,12,99, the,False,False
gpt2,Netherlands,3,doc,0.00751362694427371,0.01751735247671604,15,7, the,False,False
gpt2,Poland,1,no_doc,0.06799425184726715,0.01709824427962303,2,5, the,False,False
gpt2,Poland,1,doc,0.10648734122514725,0.20067629218101501,3,1, K,False,True
gpt2,Poland,2,no_doc,0.2475610375404358,0.04721217602491379,1,3, Warsaw,True,False
gpt2,Poland,2,doc,0.09524331241846085,0.3751201033592224,3,1, K,False,True
gpt2,Poland,3,no_doc,0.029438136145472527,0.004672632552683353,5,25, the,False,False
gpt2,Poland,3,doc,0.023714542388916016,0.033906593918800354,8,5, the,False,False
gpt2,Sweden,1,no_doc,0.0508216992020607,0.0019955188035964966,2,73, the,False,False
gpt2,Sweden,1,doc,0.04694022238254547,0.39167267084121704,3,1, Got,False,True
gpt2,Sweden,2,no_doc,0.24047240614891052,0.023036977276206017,1,4, Stockholm,True,False
gpt2,Sweden,2,doc,0.06588123738765717,0.5723536610603333,2,1, Got,False,True
gpt2,Sweden,3,no_doc,0.016000159084796906,0.000671875779516995,8,166, the,False,False
gpt2,Sweden,3,doc,0.02388962358236313,0.01805844157934189,5,8, the,False,False
gpt2,Germany,1,no_doc,0.05290766432881355,0.004639273043721914,2,26, the,False,False
gpt2,Germany,1,doc,0.03793684393167496,0.19891288876533508,3,2, the,False,False
gpt2,Germany,2,no_doc,0.3266356885433197,0.03313707187771797,1,4, Berlin,True,False
gpt2,Germany,2,doc,0.08651348948478699,0.2242671251296997,3,1, Munich,False,True
gpt2,Germany,3,no_doc,0.02083684504032135,0.0022387681528925896,6,59, the,False,False
gpt2,Germany,3,doc,0.015217576175928116,0.011265942826867104,7,9, the,False,False
gpt2,Argentina,1,no_doc,0.11856265366077423,0.0003605732345022261,1,301, Buenos,True,False
gpt2,Argentina,1,doc,0.0737927034497261,0.11538668721914291,3,2, the,False,False
gpt2,Argentina,2,no_doc,0.5855395197868347,0.001322227413766086,1,50, Buenos,True,False
gpt2,Argentina,2,doc,0.11185885220766068,0.31168806552886963,3,1, Cord,False,True
gpt2,Argentina,3,no_doc,0.033161502331495285,0.0002840002707671374,6,352, the,False,False
gpt2,Argentina,3,doc,0.017865227535367012,0.009846865199506283,6,11, the,False,False
gpt2-medium,France,1,no_doc,0.05399204418063164,0.0011966223828494549,2,105, the,False,False
gpt2-medium,France,1,doc,0.1075267642736435,0.6143988966941833,2,1, Lyon,False,True
gpt2-medium,France,2,no_doc,0.780854344367981,0.11220387369394302,1,2, Paris,True,False
gpt2-medium,France,2,doc,0.32030028104782104,0.32631126046180725,2,1, Lyon,False,True
gpt2-medium,France,3,no_doc,0.18514207005500793,0.045138657093048096,1,3, Paris,True,False
gpt2-medium,France,3,doc,0.07786678522825241,0.22553859651088715,2,1, Lyon,False,True
gpt2-medium,Japan,1,no_doc,0.00919391680508852,0.0006515158456750214,16,197, the,False,False
gpt2-medium,Japan,1,doc,0.4547670781612396,0.11211150884628296,1,2, Tokyo,True,False
gpt2-medium,Japan,2,no_doc,0.7561641931533813,0.0354849249124527,1,3, Tokyo,True,False
gpt2-medium,Japan,2,doc,0.5669232606887817,0.0531570129096508,1,2, Tokyo,True,False
gpt2-medium,Japan,3,no_doc,0.22784282267093658,0.061250120401382446,1,2, Tokyo,True,False
gpt2-medium,Japan,3,doc,0.19729682803153992,0.04806463047862053,1,2, Tokyo,True,False
gpt2-medium,Italy,1,no_doc,0.04279119148850441,0.024390244856476784,2,4, the,False,False
gpt2-medium,Italy,1,doc,0.2035854011774063,0.4142390787601471,2,1, Milan,False,True
gpt2-medium,Italy,2,no_doc,0.7253847718238831,0.06320040673017502,1,3, Rome,True,False
gpt2-medium,Italy,2,doc,0.514043390750885,0.1663883626461029,1,2, Rome,True,False
gpt2-medium,Italy,3,no_doc,0.2056339532136917,0.09736014902591705,1,2, Rome,True,False
gpt2-medium,Italy,3,doc,0.11723808199167252,0.15381057560443878,2,1, Milan,False,True
gpt2-medium,Egypt,1,no_doc,0.07388400286436081,0.018300622701644897,2,6, the,False,False
gpt2-medium,Egypt,1,doc,0.28797492384910583,0.27656903862953186,1,2, Cairo,True,False
gpt2-medium,Egypt,2,no_doc,0.607011616230011,0.10679136961698532,1,2, Cairo,True,False
gpt2-medium,Egypt,2,doc,0.38635188341140747,0.12060194462537766,1,2, Cairo,True,False
gpt2-medium,Egypt,3,no_doc,0.20957563817501068,0.10440650582313538,1,2, Cairo,True,False
gpt2-medium,Egypt,3,doc,0.1586732566356659,0.08984272181987762,1,2, Cairo,True,False
gpt2-medium,Canada,1,no_doc,0.0018527013016864657,0.0035403037909418344,61,27, the,False,False
gpt2-medium,Canada,1,doc,0.10707025229930878,0.3332902789115906,3,1, Toronto,False,True
gpt2-medium,Canada,2,no_doc,0.36003732681274414,0.22912444174289703,1,2, Ottawa,True,False
gpt2-medium,Canada,2,doc,0.1865685135126114,0.21839044988155365,2,1, Toronto,False,True
gpt2-medium,Canada,3,no_doc,0.0970567911863327,0.11444377154111862,3,2, Winnipeg,False,False
gpt2-medium,Canada,3,doc,0.0893835574388504,0.09441793709993362,2,1, Toronto,False,True
gpt2-medium,Australia,1,no_doc,0.002260812558233738,0.011966075748205185,44,8, the,False,False
gpt2-medium,Australia,1,doc,0.044062692672014236,0.6449525356292725,3,1, Sydney,False,True
gpt2-medium,Australia,2,no_doc,0.2967440187931061,0.2536366581916809,1,3, Canberra,True,False
gpt2-medium,Australia,2,doc,0.14893047511577606,0.3907305598258972,2,1, Sydney,False,True
gpt2-medium,Australia,3,no_doc,0.08448116481304169,0.15195782482624054,3,2, Melbourne,False,False
gpt2-medium,Australia,3,doc,0.08123733848333359,0.15720193088054657,3,1, Sydney,False,True
gpt2-medium,Spain,1,no_doc,0.010074970312416553,0.002368765650317073,5,45, the,False,False
gpt2-medium,Spain,1,doc,0.09555356949567795,0.4298715889453888,3,1, Barcelona,False,True
gpt2-medium,Spain,2,no_doc,0.4914328157901764,0.3125322461128235,1,2, Madrid,True,False
gpt2-medium,Spain,2,doc,0.2985474169254303,0.2628788650035858,1,2, Madrid,True,False
gpt2-medium,Spain,3,no_doc,0.17182043194770813,0.10972350835800171,1,2, Madrid,True,False
gpt2-medium,Spain,3,doc,0.06547447293996811,0.09355701506137848,3,1, Barcelona,False,True
gpt2-medium,Russia,1,no_doc,0.00910397432744503,0.000269467243924737,13,336, the,False,False
gpt2-medium,Russia,1,doc,0.243703693151474,0.01783769205212593,1,7, Moscow,True,False
gpt2-medium,Russia,2,no_doc,0.7128626704216003,0.001401771092787385,1,31, Moscow,True,False
gpt2-medium,Russia,2,doc,0.40936002135276794,0.003068559104576707,1,21, Moscow,True,False
gpt2-medium,Russia,3,no_doc,0.1927373707294464,0.002456734888255596,1,54, Moscow,True,False
gpt2-medium,Russia,3,doc,0.16443152725696564,0.003180373227223754,1,31, Moscow,True,False
gpt2-medium,China,1,no_doc,0.0014214660041034222,0.006155752576887608,104,22, the,False,False
gpt2-medium,China,1,doc,0.08765742182731628,0.16042053699493408,3,2, the,False,False
gpt2-medium,China,2,no_doc,0.47401073575019836,0.12581709027290344,1,2, Beijing,True,False
gpt2-medium,China,2,doc,0.28935909271240234,0.1338416188955307,1,2, Beijing,True,False
gpt2-medium,China,3,no_doc,0.08000844717025757,0.08915650099515915,2,1, Shanghai,False,True
gpt2-medium,China,3,doc,0.07414474338293076,0.06310226768255234,2,3, the,False,False
gpt2-medium,Kenya,1,no_doc,0.1600877344608307,0.024514783173799515,2,6, K,False,False
gpt2-medium,Kenya,1,doc,0.08036144822835922,0.4630572199821472,2,1, M,False,True
gpt2-medium,Kenya,2,no_doc,0.5703021883964539,0.024098044261336327,1,4, N,True,False
gpt2-medium,Kenya,2,doc,0.20739860832691193,0.18436846137046814,1,2, N,True,False
gpt2-medium,Kenya,3,no_doc,0.15663868188858032,0.031701184809207916,1,4, N,True,False
gpt2-medium,Kenya,3,doc,0.08858465403318405,0.19940635561943054,2,1, M,False,True
gpt2-medium,Peru,1,no_doc,0.10830628126859665,0.006018292158842087,3,12, P,False,False
gpt2-medium,Peru,1,doc,0.5227057933807373,0.1534179449081421,1,2, Lima,True,False
gpt2-medium,Peru,2,no_doc,0.802068829536438,0.0025183751713484526,1,15, Lima,True,False
gpt2-medium,Peru,2,doc,0.7422102689743042,0.047981586307287216,1,2, Lima,True,False
gpt2-medium,Peru,3,no_doc,0.5256716012954712,0.005592451896518469,1,11, Lima,True,False
gpt2-medium,Peru,3,doc,0.27605530619621277,0.11804884672164917,1,2, Lima,True,False
gpt2-medium,Norway,1,no_doc,0.0101079186424613,0.0024402865674346685,13,54, the,False,False
gpt2-medium,Norway,1,doc,0.1892751306295395,0.39231619238853455,2,1, Ber,False,True
gpt2-medium,Norway,2,no_doc,0.7274841070175171,0.016218680888414383,1,2, Oslo,True,False
gpt2-medium,Norway,2,doc,0.4372076690196991,0.14876829087734222,1,2, Oslo,True,False
gpt2-medium,Norway,3,no_doc,0.12384837865829468,0.025849157944321632,1,3, Oslo,True,False
gpt2-medium,Norway,3,doc,0.12323078513145447,0.17330792546272278,2,1, Ber,False,True
gpt2-medium,Greece,1,no_doc,0.010676492005586624,0.0016483728541061282,11,68, the,False,False
gpt2-medium,Greece,1,doc,0.39045748114585876,0.20026782155036926,1,2, Athens,True,False
gpt2-medium,Greece,2,no_doc,0.8377423882484436,0.016521815210580826,1,3, Athens,True,False
gpt2-medium,Greece,2,doc,0.5876526832580566,0.15853427350521088,1,2, Athens,True,False
gpt2-medium,Greece,3,no_doc,0.38781407475471497,0.00897760409861803,1,6, Athens,True,False
gpt2-medium,Greece,3,doc,0.23137149214744568,0.057306695729494095,1,2, Athens,True,False
gpt2-medium,Portugal,1,no_doc,0.0014037590008229017,0.0011465017450973392,87,101, the,False,False
gpt2-medium,Portugal,1,doc,0.14943136274814606,0.22658319771289825,3,1, Port,False,True
gpt2-medium,Portugal,2,no_doc,0.7492790818214417,0.09653500467538834,1,2, Lisbon,True,False
gpt2-medium,Portugal,2,doc,0.39328160881996155,0.2151440680027008,1,2, Lisbon,True,False
gpt2-medium,Portugal,3,no_doc,0.17539331316947937,0.05436914786696434,1,4, Lisbon,True,False
gpt2-medium,Portugal,3,doc,0.06997408717870712,0.12294334173202515,3,1, Port,False,True
gpt2-medium,Morocco,1,no_doc,0.010796627029776573,0.009971695952117443,9,10, the,False,False
gpt2-medium,Morocco,1,doc,0.0332486666738987,0.5295056104660034,3,1, Cas,False,True
gpt2-medium,Morocco,2,no_doc,0.401693731546402,0.15059523284435272,1,2, Rab,True,False
gpt2-medium,Morocco,2,doc,0.06437011063098907,0.5313457250595093,3,1, Cas,False,True
gpt2-medium,Morocco,3,no_doc,0.030871637165546417,0.04345567896962166,4,3, Al,False,False
gpt2-medium,Morocco,3,doc,0.007249494083225727,0.23051248490810394,13,1, Cas,False,True
gpt2-medium,Turkey,1,no_doc,0.022454319521784782,0.10024400800466537,6,2, the,False,False
gpt2-medium,Turkey,1,doc,0.07168211042881012,0.5906656384468079,2,1, Istanbul,False,True
gpt2-medium,Turkey,2,no_doc,0.4916677474975586,0.33763450384140015,1,2, Ankara,True,False
gpt2-medium,Turkey,2,doc,0.1607096642255783,0.4124141335487366,2,1, Istanbul,False,True
gpt2-medium,Turkey,3,no_doc,0.09973926842212677,0.2284100204706192,2,1, Istanbul,False,True
gpt2-medium,Turkey,3,doc,0.08358675986528397,0.19045957922935486,2,1, Istanbul,False,True
gpt2-medium,Vietnam,1,no_doc,0.07586584240198135,0.004789489321410656,3,13, V,False,False
gpt2-medium,Vietnam,1,doc,0.05543703958392143,0.5546393394470215,4,1, Sa,False,True
gpt2-medium,Vietnam,2,no_doc,0.21608160436153412,0.045663028955459595,2,4, Ho,False,False
gpt2-medium,Vietnam,2,doc,0.09318709373474121,0.26924699544906616,3,1, Sa,False,True
gpt2-medium,Vietnam,3,no_doc,0.08677389472723007,0.11838165670633316,3,2, Ho,False,False
gpt2-medium,Vietnam,3,doc,0.047147754579782486,0.19133540987968445,4,1, Sa,False,True
gpt2-medium,Nigeria,1,no_doc,0.1355924904346466,0.05298709124326706,2,4, N,False,False
gpt2-medium,Nigeria,1,doc,0.07669346034526825,0.29785454273223877,3,1, Lag,False,True
gpt2-medium,Nigeria,2,no_doc,0.42481502890586853,0.3154621422290802,1,2, Abu,True,False
gpt2-medium,Nigeria,2,doc,0.12600819766521454,0.16541746258735657,2,1, Lag,False,True
gpt2-medium,Nigeria,3,no_doc,0.106111541390419,0.2136540412902832,2,1, Lag,False,True
gpt2-medium,Nigeria,3,doc,0.08478931337594986,0.08749082684516907,2,1, Lag,False,True
gpt2-medium,Switzerland,1,no_doc,0.00642868597060442,0.0064087300561368465,16,17, the,False,False
gpt2-medium,Switzerland,1,doc,0.19470198452472687,0.29641205072402954,2,1, Zurich,False,True
gpt2-medium,Switzerland,2,no_doc,0.4340290129184723,0.3560270071029663,1,2, Bern,True,False
gpt2-medium,Switzerland,2,doc,0.36869266629219055,0.20526006817817688,1,2, Bern,True,False
gpt2-medium,Switzerland,3,no_doc,0.196391761302948,0.16479277610778809,1,2, Bern,True,False
gpt2-medium,Switzerland,3,doc,0.13052113354206085,0.057349421083927155,1,3, Bern,True,False
gpt2-medium,Netherlands,1,no_doc,0.005619487725198269,0.002175125991925597,11,31, the,False,False
gpt2-medium,Netherlands,1,doc,0.15299342572689056,0.2764335870742798,2,1, Rot,False,True
gpt2-medium,Netherlands,2,no_doc,0.3723548352718353,0.031065259128808975,2,3, Ut,False,False
gpt2-medium,Netherlands,2,doc,0.2670018672943115,0.13235311210155487,1,2, Amsterdam,True,False
gpt2-medium,Netherlands,3,no_doc,0.21830639243125916,0.03000294603407383,1,6, Amsterdam,True,False
gpt2-medium,Netherlands,3,doc,0.10534147173166275,0.09083912521600723,1,2, Amsterdam,True,False
gpt2-medium,Poland,1,no_doc,0.00790013000369072,0.025385459885001183,15,4, the,False,False
gpt2-medium,Poland,1,doc,0.1212843805551529,0.3314632177352905,2,1, K,False,True
gpt2-medium,Poland,2,no_doc,0.6410337686538696,0.04028737545013428,1,3, Warsaw,True,False
gpt2-medium,Poland,2,doc,0.2900102436542511,0.1426635980606079,1,3, Warsaw,True,False
gpt2-medium,Poland,3,no_doc,0.1819034367799759,0.0396539643406868,1,2, Warsaw,True,False
gpt2-medium,Poland,3,doc,0.10542480647563934,0.12836360931396484,2,1, K,False,True
gpt2-medium,Sweden,1,no_doc,0.029381129890680313,0.00853664055466652,5,15, the,False,False
gpt2-medium,Sweden,1,doc,0.1278534084558487,0.7722911834716797,2,1, Got,False,True
gpt2-medium,Sweden,2,no_doc,0.7202820777893066,0.13454632461071014,1,2, Stockholm,True,False
gpt2-medium,Sweden,2,doc,0.38383349776268005,0.43511292338371277,2,1, Got,False,True
gpt2-medium,Sweden,3,no_doc,0.3517027497291565,0.12326066941022873,1,2, Stockholm,True,False
gpt2-medium,Sweden,3,doc,0.26797163486480713,0.32808032631874084,2,1, Got,False,True
gpt2-medium,Germany,1,no_doc,0.015937156975269318,0.00037288645398803055,3,255, the,False,False
gpt2-medium,Germany,1,doc,0.09218816459178925,0.4695526659488678,2,1, Munich,False,True
gpt2-medium,Germany,2,no_doc,0.7305207848548889,0.040726639330387115,1,3, Berlin,True,False
gpt2-medium,Germany,2,doc,0.3058881461620331,0.15518105030059814,1,2, Berlin,True,False
gpt2-medium,Germany,3,no_doc,0.19920982420444489,0.04538697004318237,1,3, Berlin,True,False
gpt2-medium,Germany,3,doc,0.07031211256980896,0.11355632543563843,2,1, Munich,False,True
gpt2-medium,Argentina,1,no_doc,0.032666176557540894,0.00012230493302922696,3,687, the,False,False
gpt2-medium,Argentina,1,doc,0.1971348524093628,0.5115434527397156,2,1, Cord,False,True
gpt2-medium,Argentina,2,no_doc,0.8785369396209717,0.0026412061415612698,1,8, Buenos,True,False
gpt2-medium,Argentina,2,doc,0.5372516512870789,0.241678386926651,1,2, Buenos,True,False
gpt2-medium,Argentina,3,no_doc,0.513123631477356,0.003278249641880393,1,19, Buenos,True,False
gpt2-medium,Argentina,3,doc,0.09540016949176788,0.38866904377937317,2,1, Cord,False,True
gpt2-large,France,1,no_doc,0.5219714641571045,0.006312865763902664,1,8, Paris,True,False
gpt2-large,France,1,doc,0.15810626745224,0.37240880727767944,3,1, Lyon,False,True
gpt2-large,France,2,no_doc,0.8171574473381042,0.013716001063585281,1,3, Paris,True,False
gpt2-large,France,2,doc,0.29109179973602295,0.40962380170822144,2,1, Lyon,False,True
gpt2-large,France,3,no_doc,0.48822733759880066,0.006911119446158409,1,7, Paris,True,False
gpt2-large,France,3,doc,0.17226114869117737,0.2771977186203003,2,1, Lyon,False,True
gpt2-large,Japan,1,no_doc,0.5825095772743225,0.01802832819521427,1,5, Tokyo,True,False
gpt2-large,Japan,1,doc,0.21844108402729034,0.3716686964035034,2,1, Osaka,False,True
gpt2-large,Japan,2,no_doc,0.908839762210846,0.014385812915861607,1,2, Tokyo,True,False
gpt2-large,Japan,2,doc,0.5250545740127563,0.2350192368030548,1,2, Tokyo,True,False
gpt2-large,Japan,3,no_doc,0.2636987566947937,0.01554085686802864,1,7, Tokyo,True,False
gpt2-large,Japan,3,doc,0.06617098301649094,0.3239544630050659,3,1, Osaka,False,True
gpt2-large,Italy,1,no_doc,0.31624531745910645,0.09101830422878265,1,3, Rome,True,False
gpt2-large,Italy,1,doc,0.10456950217485428,0.48866966366767883,3,1, Milan,False,True
gpt2-large,Italy,2,no_doc,0.577406644821167,0.05098797008395195,1,3, Rome,True,False
gpt2-large,Italy,2,doc,0.2918497920036316,0.34796255826950073,2,1, Milan,False,True
gpt2-large,Italy,3,no_doc,0.24985717236995697,0.08460361510515213,1,3, Rome,True,False
gpt2-large,Italy,3,doc,0.0651826485991478,0.5414135456085205,3,1, Milan,False,True
gpt2-large,Egypt,1,no_doc,0.14320023357868195,0.11386829614639282,2,3, the,False,False
gpt2-large,Egypt,1,doc,0.1869373619556427,0.3924967050552368,2,1, Alexandria,False,True
gpt2-large,Egypt,2,no_doc,0.616051197052002,0.11383984982967377,1,2, Cairo,True,False
gpt2-large,Egypt,2,doc,0.4570721685886383,0.2611120641231537,1,2, Cairo,True,False
gpt2-large,Egypt,3,no_doc,0.17183807492256165,0.09013640135526657,2,3, called,False,False
gpt2-large,Egypt,3,doc,0.2011941373348236,0.22226515412330627,2,1, Alexandria,False,True
gpt2-large,Canada,1,no_doc,0.256979376077652,0.08729477971792221,1,3, Ottawa,True,False
gpt2-large,Canada,1,doc,0.19759438931941986,0.3754763901233673,2,1, Toronto,False,True
gpt2-large,Canada,2,no_doc,0.8267468214035034,0.06215449050068855,1,2, Ottawa,True,False
gpt2-large,Canada,2,doc,0.48193931579589844,0.253458708524704,1,2, Ottawa,True,False
gpt2-large,Canada,3,no_doc,0.177790105342865,0.0798674151301384,1,2, Ottawa,True,False
gpt2-large,Canada,3,doc,0.1834726482629776,0.27495476603507996,2,1, Toronto,False,True
gpt2-large,Australia,1,no_doc,0.35952457785606384,0.16736963391304016,1,2, Canberra,True,False
gpt2-large,Australia,1,doc,0.22208109498023987,0.4996710419654846,2,1, Sydney,False,True
gpt2-large,Australia,2,no_doc,0.8413686752319336,0.09320098161697388,1,2, Canberra,True,False
gpt2-large,Australia,2,doc,0.6057174205780029,0.25767552852630615,1,2, Canberra,True,False
gpt2-large,Australia,3,no_doc,0.24790233373641968,0.10070879012346268,1,2, Canberra,True,False
gpt2-large,Australia,3,doc,0.22288191318511963,0.28699395060539246,2,1, Sydney,False,True
gpt2-large,Spain,1,no_doc,0.5304029583930969,0.1334005743265152,1,2, Madrid,True,False
gpt2-large,Spain,1,doc,0.11551030725240707,0.49621817469596863,3,1, Barcelona,False,True
gpt2-large,Spain,2,no_doc,0.7224228382110596,0.17598289251327515,1,2, Madrid,True,False
gpt2-large,Spain,2,doc,0.48348939418792725,0.31150850653648376,1,2, Madrid,True,False
gpt2-large,Spain,3,no_doc,0.37611424922943115,0.10139866918325424,1,2, Madrid,True,False
gpt2-large,Spain,3,doc,0.13759294152259827,0.30856868624687195,2,1, Barcelona,False,True
gpt2-large,Russia,1,no_doc,0.23697799444198608,0.004236550536006689,1,23, Moscow,True,False
gpt2-large,Russia,1,doc,0.30956313014030457,0.03749726340174675,1,4, Moscow,True,False
gpt2-large,Russia,2,no_doc,0.645624577999115,0.0011268414091318846,1,30, Moscow,True,False
gpt2-large,Russia,2,doc,0.5347591638565063,0.010778134688735008,1,6, Moscow,True,False
gpt2-large,Russia,3,no_doc,0.24799300730228424,0.006364997010678053,1,17, Moscow,True,False
gpt2-large,Russia,3,doc,0.24212484061717987,0.0477047935128212,1,6, Moscow,True,False
gpt2-large,China,1,no_doc,0.32382556796073914,0.03850851207971573,1,3, Beijing,True,False
gpt2-large,China,1,doc,0.23175305128097534,0.21803495287895203,1,2, Beijing,True,False
gpt2-large,China,2,no_doc,0.8147662281990051,0.017602743580937386,1,2, Beijing,True,False
gpt2-large,China,2,doc,0.5619860291481018,0.10426386445760727,1,2, Beijing,True,False
gpt2-large,China,3,no_doc,0.359895795583725,0.04561362788081169,1,3, Beijing,True,False
gpt2-large,China,3,doc,0.21721500158309937,0.1677708774805069,1,2, Beijing,True,False
gpt2-large,Kenya,1,no_doc,0.6127883195877075,0.055190559476614,1,3, N,True,False
gpt2-large,Kenya,1,doc,0.0661439448595047,0.6331790089607239,2,1, M,False,True
gpt2-large,Kenya,2,no_doc,0.8606978058815002,0.06955789774656296,1,2, N,True,False
gpt2-large,Kenya,2,doc,0.3288385570049286,0.4563817083835602,2,1, M,False,True
gpt2-large,Kenya,3,no_doc,0.13400046527385712,0.045094963163137436,2,4, called,False,False
gpt2-large,Kenya,3,doc,0.025005966424942017,0.4585610330104828,5,1, M,False,True
gpt2-large,Peru,1,no_doc,0.3573906719684601,0.08005643635988235,1,2, Lima,True,False
gpt2-large,Peru,1,doc,0.12657059729099274,0.5979949831962585,2,1, C,False,True
gpt2-large,Peru,2,no_doc,0.6244813799858093,0.07431457191705704,1,3, Lima,True,False
gpt2-large,Peru,2,doc,0.3827264904975891,0.4314212203025818,2,1, C,False,True
gpt2-large,Peru,3,no_doc,0.22551675140857697,0.04795932024717331,1,5, Lima,True,False
gpt2-large,Peru,3,doc,0.11834993213415146,0.3845212757587433,2,1, C,False,True
gpt2-large,Norway,1,no_doc,0.22152887284755707,0.08324502408504486,1,3, Oslo,True,False
gpt2-large,Norway,1,doc,0.030225396156311035,0.756939709186554,3,1, Ber,False,True
gpt2-large,Norway,2,no_doc,0.4947068393230438,0.14844729006290436,1,2, Oslo,True,False
gpt2-large,Norway,2,doc,0.11755193024873734,0.5581794381141663,2,1, Ber,False,True
gpt2-large,Norway,3,no_doc,0.1065935418009758,0.01762792468070984,2,6, called,False,False
gpt2-large,Norway,3,doc,0.03347185254096985,0.4488135278224945,5,1, Ber,False,True
gpt2-large,Greece,1,no_doc,0.1500805765390396,0.06200283020734787,2,3, the,False,False
gpt2-large,Greece,1,doc,0.053444068878889084,0.7855370044708252,2,1, The,False,True
gpt2-large,Greece,2,no_doc,0.3934248983860016,0.34311822056770325,1,2, Athens,True,False
gpt2-large,Greece,2,doc,0.13545171916484833,0.7207612991333008,2,1, The,False,True
gpt2-large,Greece,3,no_doc,0.11451325565576553,0.03214734047651291,2,6, called,False,False
gpt2-large,Greece,3,doc,0.06616508215665817,0.4392222464084625,3,1, The,False,True
gpt2-large,Portugal,1,no_doc,0.4703400433063507,0.0807594433426857,1,3, Lisbon,True,False
gpt2-large,Portugal,1,doc,0.13666483759880066,0.37590378522872925,2,1, Port,False,True
gpt2-large,Portugal,2,no_doc,0.7318984866142273,0.14708396792411804,1,2, Lisbon,True,False
gpt2-large,Portugal,2,doc,0.43555891513824463,0.25205498933792114,1,2, Lisbon,True,False
gpt2-large,Portugal,3,no_doc,0.42924442887306213,0.05601966753602028,1,3, Lisbon,True,False
gpt2-large,Portugal,3,doc,0.09066630899906158,0.2605079710483551,3,1, Port,False,True
gpt2-large,Morocco,1,no_doc,0.480649471282959,0.06982090324163437,1,2, Rab,True,False
gpt2-large,Morocco,1,doc,0.020321356132626534,0.6550300121307373,3,1, Cas,False,True
gpt2-large,Morocco,2,no_doc,0.8776014447212219,0.04868456348776817,1,2, Rab,True,False
gpt2-large,Morocco,2,doc,0.15953078866004944,0.650148868560791,2,1, Cas,False,True
gpt2-large,Morocco,3,no_doc,0.1746363490819931,0.025728393346071243,1,6, Rab,True,False
gpt2-large,Morocco,3,doc,0.007518712431192398,0.4464058578014374,12,1, Cas,False,True
gpt2-large,Turkey,1,no_doc,0.19579839706420898,0.35416728258132935,2,1, Istanbul,False,True
gpt2-large,Turkey,1,doc,0.12142571806907654,0.5751489996910095,2,1, Istanbul,False,True
gpt2-large,Turkey,2,no_doc,0.6382482647895813,0.28172823786735535,1,2, Ankara,True,False
gpt2-large,Turkey,2,doc,0.40254300832748413,0.4669954776763916,2,1, Istanbul,False,True
gpt2-large,Turkey,3,no_doc,0.12241965532302856,0.2976530194282532,2,1, Istanbul,False,True
gpt2-large,Turkey,3,doc,0.0950920358300209,0.4504207968711853,2,1, Istanbul,False,True
gpt2-large,Vietnam,1,no_doc,0.2556484043598175,0.07421276718378067,1,3, H,True,False
gpt2-large,Vietnam,1,doc,0.03097771853208542,0.5795974731445312,4,1, Sa,False,True
gpt2-large,Vietnam,2,no_doc,0.5911831855773926,0.0585651621222496,1,3, H,True,False
gpt2-large,Vietnam,2,doc,0.21628296375274658,0.3322300910949707,2,1, Sa,False,True
gpt2-large,Vietnam,3,no_doc,0.16770698130130768,0.019365062937140465,2,6, Ho,False,False
gpt2-large,Vietnam,3,doc,0.010638529434800148,0.20866651833057404,12,1, Sa,False,True
gpt2-large,Nigeria,1,no_doc,0.18938373029232025,0.33010339736938477,2,1, Lag,False,True
gpt2-large,Nigeria,1,doc,0.09806923568248749,0.2664487063884735,3,1, Lag,False,True
gpt2-large,Nigeria,2,no_doc,0.5009247660636902,0.3881666660308838,1,2, Abu,True,False
gpt2-large,Nigeria,2,doc,0.2850590944290161,0.307770311832428,2,1, Lag,False,True
gpt2-large,Nigeria,3,no_doc,0.027906881645321846,0.08223368972539902,6,2, called,False,False
gpt2-large,Nigeria,3,doc,0.01188189722597599,0.11909990757703781,13,1, Lag,False,True
gpt2-large,Switzerland,1,no_doc,0.17992055416107178,0.03320051357150078,3,4, the,False,False
gpt2-large,Switzerland,1,doc,0.087522953748703,0.1507238894701004,3,2, the,False,False
gpt2-large,Switzerland,2,no_doc,0.8262382745742798,0.04023202881217003,1,3, Bern,True,False
gpt2-large,Switzerland,2,doc,0.41716673970222473,0.1844281703233719,1,2, Bern,True,False
gpt2-large,Switzerland,3,no_doc,0.12258414924144745,0.07357395440340042,2,4, Geneva,False,False
gpt2-large,Switzerland,3,doc,0.03623548522591591,0.12532398104667664,7,2, the,False,False
gpt2-large,Netherlands,1,no_doc,0.24721845984458923,0.16604205965995789,1,3, Amsterdam,True,False
gpt2-large,Netherlands,1,doc,0.055266063660383224,0.5543056130409241,3,1, Rot,False,True
gpt2-large,Netherlands,2,no_doc,0.5246047377586365,0.12400069087743759,1,3, Amsterdam,True,False
gpt2-large,Netherlands,2,doc,0.21840471029281616,0.3973883092403412,2,1, Rot,False,True
gpt2-large,Netherlands,3,no_doc,0.26707199215888977,0.050961416214704514,1,4, Amsterdam,True,False
gpt2-large,Netherlands,3,doc,0.04474082961678505,0.2514740228652954,6,1, Rot,False,True
gpt2-large,Poland,1,no_doc,0.21057093143463135,0.10865528881549835,1,2, Warsaw,True,False
gpt2-large,Poland,1,doc,0.03657953441143036,0.6889432072639465,3,1, K,False,True
gpt2-large,Poland,2,no_doc,0.32647615671157837,0.2907246947288513,1,2, Warsaw,True,False
gpt2-large,Poland,2,doc,0.10384500026702881,0.5940371155738831,2,1, K,False,True
gpt2-large,Poland,3,no_doc,0.10055595636367798,0.0443258136510849,2,3, called,False,False
gpt2-large,Poland,3,doc,0.015818344429135323,0.407042533159256,7,1, K,False,True
gpt2-large,Sweden,1,no_doc,0.13059404492378235,0.13026702404022217,1,2, Stockholm,True,False
gpt2-large,Sweden,1,doc,0.09988661855459213,0.494547575712204,2,1, Got,False,True
gpt2-large,Sweden,2,no_doc,0.6649619340896606,0.11824221909046173,1,2, Stockholm,True,False
gpt2-large,Sweden,2,doc,0.3109760284423828,0.29370516538619995,1,2, Stockholm,True,False
gpt2-large,Sweden,3,no_doc,0.1350592076778412,0.05506348982453346,2,4, called,False,False
gpt2-large,Sweden,3,doc,0.03736436367034912,0.2904861569404602,6,1, Got,False,True
gpt2-large,Germany,1,no_doc,0.26145851612091064,0.025372764095664024,1,5, Berlin,True,False
gpt2-large,Germany,1,doc,0.06114089861512184,0.5915405750274658,3,1, Munich,False,True
gpt2-large,Germany,2,no_doc,0.5627378821372986,0.07847974449396133,1,3, Berlin,True,False
gpt2-large,Germany,2,doc,0.17862805724143982,0.3777003586292267,2,1, Munich,False,True
gpt2-large,Germany,3,no_doc,0.3656948506832123,0.03683161363005638,1,4, Berlin,True,False
gpt2-large,Germany,3,doc,0.05762621760368347,0.49505722522735596,4,1, Munich,False,True
gpt2-large,Argentina,1,no_doc,0.4051421284675598,0.003002505749464035,1,24, Buenos,True,False
gpt2-large,Argentina,1,doc,0.09325145930051804,0.6305928230285645,2,1, Cord,False,True
gpt2-large,Argentina,2,no_doc,0.9257228374481201,0.002977290889248252,1,8, Buenos,True,False
gpt2-large,Argentina,2,doc,0.36667269468307495,0.4714761972427368,2,1, Cord,False,True
gpt2-large,Argentina,3,no_doc,0.3464253544807434,0.004482191056013107,1,24, Buenos,True,False
gpt2-large,Argentina,3,doc,0.03757414594292641,0.5971413850784302,4,1, Cord,False,True
Qwen/Qwen2.5-0.5B-Instruct,France,1,no_doc,0.9929255247116089,0.0006427027401514351,1,5, Paris,True,False
Qwen/Qwen2.5-0.5B-Instruct,France,1,doc,0.31995612382888794,0.6184006333351135,2,1, Lyon,False,True
Qwen/Qwen2.5-0.5B-Instruct,France,2,no_doc,0.9627548456192017,0.0006577890017069876,1,10, Paris,True,False
Qwen/Qwen2.5-0.5B-Instruct,France,2,doc,0.04573826491832733,0.9038812518119812,2,1, Lyon,False,True
Qwen/Qwen2.5-0.5B-Instruct,France,3,no_doc,0.029375463724136353,0.0007355792331509292,5,63, the,False,False
Qwen/Qwen2.5-0.5B-Instruct,France,3,doc,0.00117797264829278,0.04608764126896858,54,6, the,False,False
Qwen/Qwen2.5-0.5B-Instruct,Japan,1,no_doc,0.9302531480789185,0.001873341272585094,1,8, Tokyo,True,False
Qwen/Qwen2.5-0.5B-Instruct,Japan,1,doc,0.7547712326049805,0.14091645181179047,1,2, Tokyo,True,False
Qwen/Qwen2.5-0.5B-Instruct,Japan,2,no_doc,0.8749873638153076,0.00463902996852994,1,7, Tokyo,True,False
Qwen/Qwen2.5-0.5B-Instruct,Japan,2,doc,0.3543674647808075,0.42799535393714905,2,1, Osaka,False,True
Qwen/Qwen2.5-0.5B-Instruct,Japan,3,no_doc,0.016285203397274017,0.0009302441612817347,7,62, the,False,False
Qwen/Qwen2.5-0.5B-Instruct,Japan,3,doc,0.00012454994430299848,0.0006684532854706049,255,78, not,False,False
Qwen/Qwen2.5-0.5B-Instruct,Italy,1,no_doc,0.9164036512374878,0.0021250108256936073,1,3, Rome,True,False
Qwen/Qwen2.5-0.5B-Instruct,Italy,1,doc,0.06502832472324371,0.8929375410079956,2,1, Milan,False,True
Qwen/Qwen2.5-0.5B-Instruct,Italy,2,no_doc,0.9262707233428955,0.0035712316166609526,1,4, Rome,True,False
Qwen/Qwen2.5-0.5B-Instruct,Italy,2,doc,0.01978745125234127,0.9087746739387512,2,1, Milan,False,True
Qwen/Qwen2.5-0.5B-Instruct,Italy,3,no_doc,0.012301470153033733,0.012980024330317974,9,8, the,False,False
Qwen/Qwen2.5-0.5B-Instruct,Italy,3,doc,0.00011417819769121706,0.004253291990607977,275,25, not,False,False
Qwen/Qwen2.5-0.5B-Instruct,Egypt,1,no_doc,0.989361584186554,0.0054921037517488,1,2, Cairo,True,False
Qwen/Qwen2.5-0.5B-Instruct,Egypt,1,doc,0.011872909031808376,0.982671320438385,2,1, Alexandria,False,True
Qwen/Qwen2.5-0.5B-Instruct,Egypt,2,no_doc,0.9825326204299927,0.007013579830527306,1,2, Cairo,True,False
Qwen/Qwen2.5-0.5B-Instruct,Egypt,2,doc,0.003291300032287836,0.9836032390594482,2,1, Alexandria,False,True
Qwen/Qwen2.5-0.5B-Instruct,Egypt,3,no_doc,0.019333338364958763,0.019279630854725838,6,7, the,False,False
Qwen/Qwen2.5-0.5B-Instruct,Egypt,3,doc,0.00037081813206896186,0.2859093248844147,107,1, Alexandria,False,True
Qwen/Qwen2.5-0.5B-Instruct,Canada,1,no_doc,0.9733594059944153,0.013428772799670696,1,2, Ottawa,True,False
Qwen/Qwen2.5-0.5B-Instruct,Canada,1,doc,0.5174846649169922,0.37730011343955994,1,2, Ottawa,True,False
Qwen/Qwen2.5-0.5B-Instruct,Canada,2,no_doc,0.9723801612854004,0.007912673056125641,1,2, Ottawa,True,False
Qwen/Qwen2.5-0.5B-Instruct,Canada,2,doc,0.3507247567176819,0.48447901010513306,2,1, Toronto,False,True
Qwen/Qwen2.5-0.5B-Instruct,Canada,3,no_doc,0.05364953354001045,0.03038330003619194,3,6, the,False,False
Qwen/Qwen2.5-0.5B-Instruct,Canada,3,doc,0.0011931757908314466,0.02612018957734108,54,7, not,False,False
Qwen/Qwen2.5-0.5B-Instruct,Australia,1,no_doc,0.9838564395904541,0.003975225612521172,1,3, Canberra,True,False
Qwen/Qwen2.5-0.5B-Instruct,Australia,1,doc,0.1951536238193512,0.7307594418525696,2,1, Sydney,False,True
Qwen/Qwen2.5-0.5B-Instruct,Australia,2,no_doc,0.9700101613998413,0.009682944975793362,1,2, Canberra,True,False
Qwen/Qwen2.5-0.5B-Instruct,Australia,2,doc,0.06164846941828728,0.8815375566482544,2,1, Sydney,False,True
Qwen/Qwen2.5-0.5B-Instruct,Australia,3,no_doc,0.12253780663013458,0.03779225796461105,2,4, the,False,False
Qwen/Qwen2.5-0.5B-Instruct,Australia,3,doc,0.001061706803739071,0.021532133221626282,59,9, not,False,False
Qwen/Qwen2.5-0.5B-Instruct,Spain,1,no_doc,0.9905543923377991,0.0014172083465382457,1,2, Madrid,True,False
Qwen/Qwen2.5-0.5B-Instruct,Spain,1,doc,0.4038377106189728,0.5282338857650757,2,1, Barcelona,False,True
Qwen/Qwen2.5-0.5B-Instruct,Spain,2,no_doc,0.9700237512588501,0.001272637047804892,1,6, Madrid,True,False
Qwen/Qwen2.5-0.5B-Instruct,Spain,2,doc,0.08968054503202438,0.805801272392273,2,1, Barcelona,False,True
Qwen/Qwen2.5-0.5B-Instruct,Spain,3,no_doc,0.15403197705745697,0.003777054836973548,2,18, the,False,False
Qwen/Qwen2.5-0.5B-Instruct,Spain,3,doc,7.858248864067718e-05,0.00021438712428789586,274,134, not,False,False
Qwen/Qwen2.5-0.5B-Instruct,Russia,1,no_doc,0.9669845104217529,0.0001015755333355628,1,28, Moscow,True,False
Qwen/Qwen2.5-0.5B-Instruct,Russia,1,doc,0.14064787328243256,0.5214242935180664,2,1, Petersburg,False,True
Qwen/Qwen2.5-0.5B-Instruct,Russia,2,no_doc,0.8510249853134155,0.00013620297249872237,1,64, Moscow,True,False
Qwen/Qwen2.5-0.5B-Instruct,Russia,2,doc,0.06766244769096375,0.49679529666900635,3,1, Petersburg,False,True
Qwen/Qwen2.5-0.5B-Instruct,Russia,3,no_doc,0.060591548681259155,7.352239481406286e-05,4,331, the,False,False
Qwen/Qwen2.5-0.5B-Instruct,Russia,3,doc,0.0009620817727409303,0.022577568888664246,65,8, not,False,False
Qwen/Qwen2.5-0.5B-Instruct,China,1,no_doc,0.9924099445343018,0.0008938395767472684,1,3, Beijing,True,False
Qwen/Qwen2.5-0.5B-Instruct,China,1,doc,0.5322424173355103,0.36147448420524597,1,2, Beijing,True,False
Qwen/Qwen2.5-0.5B-Instruct,China,2,no_doc,0.9731545448303223,0.002824155380949378,1,3, Beijing,True,False
Qwen/Qwen2.5-0.5B-Instruct,China,2,doc,0.32953372597694397,0.5055099129676819,2,1, Shanghai,False,True
Qwen/Qwen2.5-0.5B-Instruct,China,3,no_doc,0.008696174249053001,0.0034381786826997995,11,26, the,False,False
Qwen/Qwen2.5-0.5B-Instruct,China,3,doc,0.0003625616373028606,0.012569805607199669,145,10, not,False,False
Qwen/Qwen2.5-0.5B-Instruct,Kenya,1,no_doc,0.9513711929321289,1.6435145880677737e-05,1,68, Nairobi,True,False
Qwen/Qwen2.5-0.5B-Instruct,Kenya,1,doc,0.21421028673648834,0.7382031083106995,2,1, M,False,True
Qwen/Qwen2.5-0.5B-Instruct,Kenya,2,no_doc,0.9487714171409607,1.844954749685712e-05,1,86, Nairobi,True,False
Qwen/Qwen2.5-0.5B-Instruct,Kenya,2,doc,0.25175997614860535,0.675851583480835,2,1, M,False,True
Qwen/Qwen2.5-0.5B-Instruct,Kenya,3,no_doc,0.6172306537628174,0.0027002226561307907,1,12, Nairobi,True,False
Qwen/Qwen2.5-0.5B-Instruct,Kenya,3,doc,0.009748545475304127,0.2000119835138321,12,1, M,False,True
Qwen/Qwen2.5-0.5B-Instruct,Peru,1,no_doc,0.9749138355255127,0.00010638478852342814,1,23, Lima,True,False
Qwen/Qwen2.5-0.5B-Instruct,Peru,1,doc,0.011495750397443771,0.9784729480743408,2,1, C,False,True
Qwen/Qwen2.5-0.5B-Instruct,Peru,2,no_doc,0.9575127959251404,0.00023671271628700197,1,21, Lima,True,False
Qwen/Qwen2.5-0.5B-Instruct,Peru,2,doc,0.009337591007351875,0.9679443836212158,2,1, C,False,True
Qwen/Qwen2.5-0.5B-Instruct,Peru,3,no_doc,0.007896778173744678,0.0009748471202328801,11,38, the,False,False
Qwen/Qwen2.5-0.5B-Instruct,Peru,3,doc,3.382341310498305e-05,0.053144533187150955,549,5, not,False,False
Qwen/Qwen2.5-0.5B-Instruct,Norway,1,no_doc,0.8516759872436523,0.0028441755566745996,1,6, Oslo,True,False
Qwen/Qwen2.5-0.5B-Instruct,Norway,1,doc,0.0580308623611927,0.9258111119270325,2,1, Bergen,False,True
Qwen/Qwen2.5-0.5B-Instruct,Norway,2,no_doc,0.7852303981781006,0.0029291370883584023,1,7, Oslo,True,False
Qwen/Qwen2.5-0.5B-Instruct,Norway,2,doc,0.032251715660095215,0.9317833781242371,2,1, Bergen,False,True
Qwen/Qwen2.5-0.5B-Instruct,Norway,3,no_doc,0.0797247439622879,0.0005205232300795615,4,62, the,False,False
Qwen/Qwen2.5-0.5B-Instruct,Norway,3,doc,6.991754617047263e-06,0.0014514974318444729,1416,44, not,False,False
Qwen/Qwen2.5-0.5B-Instruct,Greece,1,no_doc,0.9562406539916992,0.015078021213412285,1,2, Athens,True,False
Qwen/Qwen2.5-0.5B-Instruct,Greece,1,doc,0.03769046068191528,0.9485186338424683,2,1, Th,False,True
Qwen/Qwen2.5-0.5B-Instruct,Greece,2,no_doc,0.9618830680847168,0.008836228400468826,1,2, Athens,True,False
Qwen/Qwen2.5-0.5B-Instruct,Greece,2,doc,0.0107688307762146,0.9680488705635071,2,1, Th,False,True
Qwen/Qwen2.5-0.5B-Instruct,Greece,3,no_doc,0.0894772857427597,0.004021133296191692,3,20, the,False,False
Qwen/Qwen2.5-0.5B-Instruct,Greece,3,doc,0.0025525959208607674,0.06681324541568756,36,5, not,False,False
Qwen/Qwen2.5-0.5B-Instruct,Portugal,1,no_doc,0.9364672899246216,0.0062880562618374825,1,5, Lisbon,True,False
Qwen/Qwen2.5-0.5B-Instruct,Portugal,1,doc,0.20932774245738983,0.7318292260169983,2,1, Porto,False,True
Qwen/Qwen2.5-0.5B-Instruct,Portugal,2,no_doc,0.8827504515647888,0.014479359611868858,1,3, Lisbon,True,False
Qwen/Qwen2.5-0.5B-Instruct,Portugal,2,doc,0.0458717942237854,0.9123536348342896,2,1, Porto,False,True
Qwen/Qwen2.5-0.5B-Instruct,Portugal,3,no_doc,0.016971925273537636,0.0008488495950587094,6,47, the,False,False
Qwen/Qwen2.5-0.5B-Instruct,Portugal,3,doc,6.963001851545414e-06,0.00036607563379220665,1152,87, not,False,False
Qwen/Qwen2.5-0.5B-Instruct,Morocco,1,no_doc,0.601976752281189,0.05402358993887901,1,3, Rab,True,False
Qwen/Qwen2.5-0.5B-Instruct,Morocco,1,doc,0.0006975667201913893,0.9895422458648682,4,1, Cas,False,True
Qwen/Qwen2.5-0.5B-Instruct,Morocco,2,no_doc,0.4797132611274719,0.058954525738954544,1,3, Rab,True,False
Qwen/Qwen2.5-0.5B-Instruct,Morocco,2,doc,0.00016948487609624863,0.972515344619751,27,1, Cas,False,True
Qwen/Qwen2.5-0.5B-Instruct,Morocco,3,no_doc,0.0018185829976573586,0.0015783526469022036,26,32, the,False,False
Qwen/Qwen2.5-0.5B-Instruct,Morocco,3,doc,4.232384526403621e-05,0.038249578326940536,596,7, the,False,False
Qwen/Qwen2.5-0.5B-Instruct,Turkey,1,no_doc,0.9607852101325989,0.03590936213731766,1,2, Ankara,True,False
Qwen/Qwen2.5-0.5B-Instruct,Turkey,1,doc,0.01158986333757639,0.9812214970588684,2,1, Istanbul,False,True
Qwen/Qwen2.5-0.5B-Instruct,Turkey,2,no_doc,0.872361958026886,0.12156856060028076,1,2, Ankara,True,False
Qwen/Qwen2.5-0.5B-Instruct,Turkey,2,doc,0.0034595527686178684,0.986257791519165,2,1, Istanbul,False,True
Qwen/Qwen2.5-0.5B-Instruct,Turkey,3,no_doc,0.01677766814827919,0.11835365742444992,10,2, the,False,False
Qwen/Qwen2.5-0.5B-Instruct,Turkey,3,doc,0.0005484553403221071,0.05294329673051834,79,5, the,False,False
Qwen/Qwen2.5-0.5B-Instruct,Vietnam,1,no_doc,0.943668782711029,0.006093137431889772,1,3, H,True,False
Qwen/Qwen2.5-0.5B-Instruct,Vietnam,1,doc,0.030376078560948372,0.900748074054718,2,1, Sa,False,True
Qwen/Qwen2.5-0.5B-Instruct,Vietnam,2,no_doc,0.8706456422805786,0.011622415855526924,1,3, H,True,False
Qwen/Qwen2.5-0.5B-Instruct,Vietnam,2,doc,0.004111293237656355,0.9270221590995789,5,1, Sa,False,True
Qwen/Qwen2.5-0.5B-Instruct,Vietnam,3,no_doc,0.034081049263477325,0.01843375153839588,5,8, the,False,False
Qwen/Qwen2.5-0.5B-Instruct,Vietnam,3,doc,1.6908617908484302e-05,0.12935127317905426,991,2, the,False,False
Qwen/Qwen2.5-0.5B-Instruct,Nigeria,1,no_doc,0.929807186126709,0.04019148647785187,1,2, Abu,True,False
Qwen/Qwen2.5-0.5B-Instruct,Nigeria,1,doc,0.041105810552835464,0.9488154053688049,2,1, Lagos,False,True
Qwen/Qwen2.5-0.5B-Instruct,Nigeria,2,no_doc,0.8703870177268982,0.08511879295110703,1,2, Abu,True,False
Qwen/Qwen2.5-0.5B-Instruct,Nigeria,2,doc,0.020997170358896255,0.9668786525726318,2,1, Lagos,False,True
Qwen/Qwen2.5-0.5B-Instruct,Nigeria,3,no_doc,0.06951627135276794,0.05241306871175766,2,5, the,False,False
Qwen/Qwen2.5-0.5B-Instruct,Nigeria,3,doc,0.0010148345027118921,0.2066650539636612,63,1, Lagos,False,True
Qwen/Qwen2.5-0.5B-Instruct,Switzerland,1,no_doc,0.6717698574066162,0.07638703286647797,1,2, Bern,True,False
Qwen/Qwen2.5-0.5B-Instruct,Switzerland,1,doc,0.0035909919533878565,0.9128133654594421,6,1, Zurich,False,True
Qwen/Qwen2.5-0.5B-Instruct,Switzerland,2,no_doc,0.5604208707809448,0.10153975337743759,1,2, Bern,True,False
Qwen/Qwen2.5-0.5B-Instruct,Switzerland,2,doc,0.0016371267847716808,0.8780386447906494,12,1, Zurich,False,True
Qwen/Qwen2.5-0.5B-Instruct,Switzerland,3,no_doc,0.06473039090633392,0.013257155194878578,5,11, the,False,False
Qwen/Qwen2.5-0.5B-Instruct,Switzerland,3,doc,5.980105197522789e-05,0.0906774178147316,359,4, the,False,False
Qwen/Qwen2.5-0.5B-Instruct,Netherlands,1,no_doc,0.731762170791626,0.015641847625374794,1,3, Amsterdam,True,False
Qwen/Qwen2.5-0.5B-Instruct,Netherlands,1,doc,0.057927366346120834,0.8157021403312683,3,1, Rotterdam,False,True
Qwen/Qwen2.5-0.5B-Instruct,Netherlands,2,no_doc,0.5587197542190552,0.01774432323873043,1,5, Amsterdam,True,False
Qwen/Qwen2.5-0.5B-Instruct,Netherlands,2,doc,0.019437666982412338,0.8599188327789307,4,1, Rotterdam,False,True
Qwen/Qwen2.5-0.5B-Instruct,Netherlands,3,no_doc,0.05059541389346123,0.03882049396634102,4,5, the,False,False
Qwen/Qwen2.5-0.5B-Instruct,Netherlands,3,doc,2.4321048840647563e-05,0.0004521870578173548,618,83, not,False,False
Qwen/Qwen2.5-0.5B-Instruct,Poland,1,no_doc,0.8001620173454285,0.15312805771827698,1,2, Warsaw,True,False
Qwen/Qwen2.5-0.5B-Instruct,Poland,1,doc,0.0014853590400889516,0.9963043928146362,2,1, Krak,False,True
Qwen/Qwen2.5-0.5B-Instruct,Poland,2,no_doc,0.7686219811439514,0.1420682668685913,1,2, Warsaw,True,False
Qwen/Qwen2.5-0.5B-Instruct,Poland,2,doc,0.0009429971105419099,0.9944379329681396,2,1, Krak,False,True
Qwen/Qwen2.5-0.5B-Instruct,Poland,3,no_doc,0.017364539206027985,0.000524119648616761,7,75, the,False,False
Qwen/Qwen2.5-0.5B-Instruct,Poland,3,doc,2.620444502099417e-05,0.0001560287200845778,671,210, not,False,False
Qwen/Qwen2.5-0.5B-Instruct,Sweden,1,no_doc,0.9874706864356995,0.00018622812058310956,1,17, Stockholm,True,False
Qwen/Qwen2.5-0.5B-Instruct,Sweden,1,doc,0.5150818228721619,0.43629127740859985,1,2, Stockholm,True,False
Qwen/Qwen2.5-0.5B-Instruct,Sweden,2,no_doc,0.9627701640129089,0.00016154108743648976,1,21, Stockholm,True,False
Qwen/Qwen2.5-0.5B-Instruct,Sweden,2,doc,0.36303308606147766,0.5260262489318848,2,1, Go,False,True
Qwen/Qwen2.5-0.5B-Instruct,Sweden,3,no_doc,0.1727285236120224,0.005814026575535536,2,12, the,False,False
Qwen/Qwen2.5-0.5B-Instruct,Sweden,3,doc,3.648634083219804e-05,0.024981897324323654,533,9, not,False,False
Qwen/Qwen2.5-0.5B-Instruct,Germany,1,no_doc,0.9737565517425537,6.850969657534733e-05,1,21, Berlin,True,False
Qwen/Qwen2.5-0.5B-Instruct,Germany,1,doc,0.25752660632133484,0.662764847278595,2,1, Munich,False,True
Qwen/Qwen2.5-0.5B-Instruct,Germany,2,no_doc,0.9575244188308716,0.00019016882288269699,1,21, Berlin,True,False
Qwen/Qwen2.5-0.5B-Instruct,Germany,2,doc,0.02149323932826519,0.8985969424247742,2,1, Munich,False,True
Qwen/Qwen2.5-0.5B-Instruct,Germany,3,no_doc,0.023562386631965637,0.0019885553047060966,6,27, the,False,False
Qwen/Qwen2.5-0.5B-Instruct,Germany,3,doc,5.350612991605885e-05,0.007439803332090378,439,16, not,False,False
Qwen/Qwen2.5-0.5B-Instruct,Argentina,1,no_doc,0.9233662486076355,0.00012173079448984936,1,43, Buenos,True,False
Qwen/Qwen2.5-0.5B-Instruct,Argentina,1,doc,0.1141909509897232,0.8452275395393372,2,1, Cord,False,True
Qwen/Qwen2.5-0.5B-Instruct,Argentina,2,no_doc,0.9202544689178467,6.925733032403514e-05,1,71, Buenos,True,False
Qwen/Qwen2.5-0.5B-Instruct,Argentina,2,doc,0.062357351183891296,0.8925896883010864,2,1, Cord,False,True
Qwen/Qwen2.5-0.5B-Instruct,Argentina,3,no_doc,0.08442196249961853,1.586145481269341e-05,3,756, the,False,False
Qwen/Qwen2.5-0.5B-Instruct,Argentina,3,doc,5.710483492293861e-06,0.0015811828197911382,1638,45, not,False,False
TinyLlama/TinyLlama-1.1B-Chat-v1.0,France,1,no_doc,0.974190354347229,0.00013935184688307345,1,25,Paris,True,False
TinyLlama/TinyLlama-1.1B-Chat-v1.0,France,1,doc,0.9497222304344177,0.0006243675597943366,1,11,Paris,True,False
TinyLlama/TinyLlama-1.1B-Chat-v1.0,France,2,no_doc,0.8777000904083252,0.0001441200583940372,1,32,Paris,True,False
TinyLlama/TinyLlama-1.1B-Chat-v1.0,France,2,doc,0.7933661937713623,0.0020192039664834738,1,11,Paris,True,False
TinyLlama/TinyLlama-1.1B-Chat-v1.0,France,3,no_doc,0.6867966651916504,0.04628158360719681,1,2,Paris,True,False
TinyLlama/TinyLlama-1.1B-Chat-v1.0,France,3,doc,0.3602778911590576,0.19337545335292816,1,2,Paris,True,False
TinyLlama/TinyLlama-1.1B-Chat-v1.0,Japan,1,no_doc,0.9812629818916321,5.537644028663635e-05,1,39,Tokyo,True,False
TinyLlama/TinyLlama-1.1B-Chat-v1.0,Japan,1,doc,0.7006827592849731,0.009220583364367485,1,5,Tokyo,True,False
TinyLlama/TinyLlama-1.1B-Chat-v1.0,Japan,2,no_doc,0.9595913887023926,8.397353667533025e-05,1,36,Tokyo,True,False
TinyLlama/TinyLlama-1.1B-Chat-v1.0,Japan,2,doc,0.720266580581665,0.029511669650673866,1,5,Tokyo,True,False
TinyLlama/TinyLlama-1.1B-Chat-v1.0,Japan,3,no_doc,0.9113179445266724,0.0010475502349436283,1,20,Tokyo,True,False
TinyLlama/TinyLlama-1.1B-Chat-v1.0,Japan,3,doc,0.349509060382843,0.1619621366262436,1,2,Tokyo,True,False
TinyLlama/TinyLlama-1.1B-Chat-v1.0,Italy,1,no_doc,0.964070200920105,0.00012691409210674465,1,26,Rome,True,False
TinyLlama/TinyLlama-1.1B-Chat-v1.0,Italy,1,doc,0.8658612966537476,0.022964414209127426,1,4,Rome,True,False
TinyLlama/TinyLlama-1.1B-Chat-v1.0,Italy,2,no_doc,0.9186758399009705,0.000887509377207607,1,12,Rome,True,False
TinyLlama/TinyLlama-1.1B-Chat-v1.0,Italy,2,doc,0.7275079488754272,0.07854484766721725,1,2,Rome,True,False
TinyLlama/TinyLlama-1.1B-Chat-v1.0,Italy,3,no_doc,0.6768659353256226,0.01330267172306776,1,4,Rome,True,False
TinyLlama/TinyLlama-1.1B-Chat-v1.0,Italy,3,doc,0.0725540742278099,0.38775691390037537,5,1,Milan,False,True
TinyLlama/TinyLlama-1.1B-Chat-v1.0,Egypt,1,no_doc,0.9549692273139954,0.0027022461872547865,1,3,C,True,False
TinyLlama/TinyLlama-1.1B-Chat-v1.0,Egypt,1,doc,0.8990880846977234,0.00990236084908247,1,4,C,True,False
TinyLlama/TinyLlama-1.1B-Chat-v1.0,Egypt,2,no_doc,0.8424002528190613,0.002940019592642784,1,12,C,True,False
TinyLlama/TinyLlama-1.1B-Chat-v1.0,Egypt,2,doc,0.7933118939399719,0.04628616198897362,1,2,C,True,False
TinyLlama/TinyLlama-1.1B-Chat-v1.0,Egypt,3,no_doc,0.47069495916366577,0.15964725613594055,1,2,C,True,False
TinyLlama/TinyLlama-1.1B-Chat-v1.0,Egypt,3,doc,0.21596917510032654,0.4720174968242645,2,1,Alexand,False,True
TinyLlama/TinyLlama-1.1B-Chat-v1.0,Canada,1,no_doc,0.9677634835243225,0.006388498470187187,1,2,Ott,True,False
TinyLlama/TinyLlama-1.1B-Chat-v1.0,Canada,1,doc,0.6861951947212219,0.08474862575531006,1,3,Ott,True,False
TinyLlama/TinyLlama-1.1B-Chat-v1.0,Canada,2,no_doc,0.8725497722625732,0.025581808760762215,1,3,Ott,True,False
TinyLlama/TinyLlama-1.1B-Chat-v1.0,Canada,2,doc,0.5440826416015625,0.24154874682426453,1,2,Ott,True,False
TinyLlama/TinyLlama-1.1B-Chat-v1.0,Canada,3,no_doc,0.3154091238975525,0.1803215891122818,1,2,Ott,True,False
TinyLlama/TinyLlama-1.1B-Chat-v1.0,Canada,3,doc,0.07967101037502289,0.24870312213897705,5,1,Toronto,False,True
TinyLlama/TinyLlama-1.1B-Chat-v1.0,Australia,1,no_doc,0.9859831929206848,0.005229047033935785,1,2,Can,True,False
TinyLlama/TinyLlama-1.1B-Chat-v1.0,Australia,1,doc,0.6543664336204529,0.1303648054599762,1,3,Can,True,False
TinyLlama/TinyLlama-1.1B-Chat-v1.0,Australia,2,no_doc,0.9305840134620667,0.02436259761452675,1,2,Can,True,False
TinyLlama/TinyLlama-1.1B-Chat-v1.0,Australia,2,doc,0.30060040950775146,0.5092604756355286,2,1,Sydney,False,True
TinyLlama/TinyLlama-1.1B-Chat-v1.0,Australia,3,no_doc,0.8138432502746582,0.0670778825879097,1,2,Can,True,False
TinyLlama/TinyLlama-1.1B-Chat-v1.0,Australia,3,doc,0.19318781793117523,0.29318946599960327,3,1,Sydney,False,True
TinyLlama/TinyLlama-1.1B-Chat-v1.0,Spain,1,no_doc,0.9892939329147339,0.0011767998803406954,1,3,Madrid,True,False
TinyLlama/TinyLlama-1.1B-Chat-v1.0,Spain,1,doc,0.9211896061897278,0.022241471335291862,1,2,Madrid,True,False
TinyLlama/TinyLlama-1.1B-Chat-v1.0,Spain,2,no_doc,0.9531123638153076,0.0020464230328798294,1,5,Madrid,True,False
TinyLlama/TinyLlama-1.1B-Chat-v1.0,Spain,2,doc,0.8266233801841736,0.03790848329663277,1,3,Madrid,True,False
TinyLlama/TinyLlama-1.1B-Chat-v1.0,Spain,3,no_doc,0.38523367047309875,0.09349518269300461,1,3,Madrid,True,False
TinyLlama/TinyLlama-1.1B-Chat-v1.0,Spain,3,doc,0.04308201000094414,0.1680745929479599,6,3,currently,False,False
TinyLlama/TinyLlama-1.1B-Chat-v1.0,Russia,1,no_doc,0.9703525900840759,0.00027484961901791394,1,19,Moscow,True,False
TinyLlama/TinyLlama-1.1B-Chat-v1.0,Russia,1,doc,0.7736876606941223,0.0027897441759705544,1,8,Moscow,True,False
TinyLlama/TinyLlama-1.1B-Chat-v1.0,Russia,2,no_doc,0.8775811791419983,0.0005321644712239504,1,20,Moscow,True,False
TinyLlama/TinyLlama-1.1B-Chat-v1.0,Russia,2,doc,0.5262487530708313,0.02273688092827797,1,6,Moscow,True,False
TinyLlama/TinyLlama-1.1B-Chat-v1.0,Russia,3,no_doc,0.458953320980072,0.0018410958582535386,1,29,Moscow,True,False
TinyLlama/TinyLlama-1.1B-Chat-v1.0,Russia,3,doc,0.03916183114051819,0.014209835790097713,6,9,St,False,False
TinyLlama/TinyLlama-1.1B-Chat-v1.0,China,1,no_doc,0.9906841516494751,0.0002878562081605196,1,9,Be,True,False
TinyLlama/TinyLlama-1.1B-Chat-v1.0,China,1,doc,0.7784401774406433,0.017713846638798714,1,5,Be,True,False
TinyLlama/TinyLlama-1.1B-Chat-v1.0,China,2,no_doc,0.924168050289154,0.001616697059944272,1,9,Be,True,False
TinyLlama/TinyLlama-1.1B-Chat-v1.0,China,2,doc,0.5866323709487915,0.06802734732627869,1,4,Be,True,False
TinyLlama/TinyLlama-1.1B-Chat-v1.0,China,3,no_doc,0.6701545715332031,0.01633644849061966,1,6,Be,True,False
TinyLlama/TinyLlama-1.1B-Chat-v1.0,China,3,doc,0.09373676776885986,0.15001451969146729,5,2,now,False,False
TinyLlama/TinyLlama-1.1B-Chat-v1.0,Kenya,1,no_doc,0.9745931625366211,7.353550608968362e-05,1,28,N,True,False
TinyLlama/TinyLlama-1.1B-Chat-v1.0,Kenya,1,doc,0.7974052429199219,0.11019130051136017,1,2,N,True,False
TinyLlama/TinyLlama-1.1B-Chat-v1.0,Kenya,2,no_doc,0.9673172235488892,0.00013962667435407639,1,21,N,True,False
TinyLlama/TinyLlama-1.1B-Chat-v1.0,Kenya,2,doc,0.8888585567474365,0.03223894536495209,1,2,N,True,False
TinyLlama/TinyLlama-1.1B-Chat-v1.0,Kenya,3,no_doc,0.8672550916671753,0.012070420198142529,1,4,N,True,False
TinyLlama/TinyLlama-1.1B-Chat-v1.0,Kenya,3,doc,0.16964533925056458,0.43979835510253906,2,1,M,False,True
TinyLlama/TinyLlama-1.1B-Chat-v1.0,Peru,1,no_doc,0.9865602254867554,2.4175546059268527e-05,1,30,Lima,True,False
TinyLlama/TinyLlama-1.1B-Chat-v1.0,Peru,1,doc,0.8333427309989929,0.08383306115865707,1,2,Lima,True,False
TinyLlama/TinyLlama-1.1B-Chat-v1.0,Peru,2,no_doc,0.8828275799751282,0.00016914578736759722,1,23,Lima,True,False
TinyLlama/TinyLlama-1.1B-Chat-v1.0,Peru,2,doc,0.6831983923912048,0.15005043148994446,1,2,Lima,True,False
TinyLlama/TinyLlama-1.1B-Chat-v1.0,Peru,3,no_doc,0.6876291036605835,0.008866249583661556,1,10,Lima,True,False
TinyLlama/TinyLlama-1.1B-Chat-v1.0,Peru,3,doc,0.19386053085327148,0.3498136103153229,2,1,C,False,True
TinyLlama/TinyLlama-1.1B-Chat-v1.0,Norway,1,no_doc,0.9669189453125,0.00036226268275640905,1,11,Os,True,False
TinyLlama/TinyLlama-1.1B-Chat-v1.0,Norway,1,doc,0.2176535725593567,0.6605584025382996,2,1,Ber,False,True
TinyLlama/TinyLlama-1.1B-Chat-v1.0,Norway,2,no_doc,0.9337128400802612,0.001884537865407765,1,8,Os,True,False
TinyLlama/TinyLlama-1.1B-Chat-v1.0,Norway,2,doc,0.3144172132015228,0.5036716461181641,2,1,Ber,False,True
TinyLlama/TinyLlama-1.1B-Chat-v1.0,Norway,3,no_doc,0.3498676121234894,0.02555011957883835,1,6,Os,True,False
TinyLlama/TinyLlama-1.1B-Chat-v1.0,Norway,3,doc,0.03385891765356064,0.307553231716156,7,1,Ber,False,True
TinyLlama/TinyLlama-1.1B-Chat-v1.0,Greece,1,no_doc,0.979867696762085,0.0006299802917055786,1,7,Ath,True,False
TinyLlama/TinyLlama-1.1B-Chat-v1.0,Greece,1,doc,0.8197994232177734,0.05578448250889778,1,3,Ath,True,False
TinyLlama/TinyLlama-1.1B-Chat-v1.0,Greece,2,no_doc,0.9336128830909729,0.0006737480871379375,1,11,Ath,True,False
TinyLlama/TinyLlama-1.1B-Chat-v1.0,Greece,2,doc,0.7556977272033691,0.055244509130716324,1,2,Ath,True,False
TinyLlama/TinyLlama-1.1B-Chat-v1.0,Greece,3,no_doc,0.5360214710235596,0.07158602774143219,1,3,Ath,True,False
TinyLlama/TinyLlama-1.1B-Chat-v1.0,Greece,3,doc,0.01828909106552601,0.48514583706855774,6,1,Th,False,True
TinyLlama/TinyLlama-1.1B-Chat-v1.0,Portugal,1,no_doc,0.9618507027626038,0.004218203015625477,1,4,Lis,True,False
TinyLlama/TinyLlama-1.1B-Chat-v1.0,Portugal,1,doc,0.8317043781280518,0.06706967949867249,1,2,Lis,True,False
TinyLlama/TinyLlama-1.1B-Chat-v1.0,Portugal,2,no_doc,0.7451621294021606,0.009051481261849403,1,3,Lis,True,False
TinyLlama/TinyLlama-1.1B-Chat-v1.0,Portugal,2,doc,0.7226185202598572,0.04000087454915047,1,3,Lis,True,False
TinyLlama/TinyLlama-1.1B-Chat-v1.0,Portugal,3,no_doc,0.5697643756866455,0.029269758611917496,1,4,Lis,True,False
TinyLlama/TinyLlama-1.1B-Chat-v1.0,Portugal,3,doc,0.1180732250213623,0.2758374512195587,3,1,Porto,False,True
TinyLlama/TinyLlama-1.1B-Chat-v1.0,Morocco,1,no_doc,0.9664517641067505,0.015691787004470825,1,2,Rab,True,False
TinyLlama/TinyLlama-1.1B-Chat-v1.0,Morocco,1,doc,0.4891816973686218,0.436553955078125,1,2,Rab,True,False
TinyLlama/TinyLlama-1.1B-Chat-v1.0,Morocco,2,no_doc,0.8779721856117249,0.029803961515426636,1,3,Rab,True,False
TinyLlama/TinyLlama-1.1B-Chat-v1.0,Morocco,2,doc,0.49497175216674805,0.3678208887577057,1,2,Rab,True,False
TinyLlama/TinyLlama-1.1B-Chat-v1.0,Morocco,3,no_doc,0.6487564444541931,0.13122102618217468,1,2,Rab,True,False
TinyLlama/TinyLlama-1.1B-Chat-v1.0,Morocco,3,doc,0.03724043071269989,0.5520098209381104,5,1,Cas,False,True
TinyLlama/TinyLlama-1.1B-Chat-v1.0,Turkey,1,no_doc,0.8949574828147888,0.09482235461473465,1,2,An,True,False
TinyLlama/TinyLlama-1.1B-Chat-v1.0,Turkey,1,doc,0.16716550290584564,0.7347661852836609,2,1,Ist,False,True
TinyLlama/TinyLlama-1.1B-Chat-v1.0,Turkey,2,no_doc,0.684745192527771,0.2775018513202667,1,2,An,True,False
TinyLlama/TinyLlama-1.1B-Chat-v1.0,Turkey,2,doc,0.0924968272447586,0.8407452702522278,2,1,Ist,False,True
TinyLlama/TinyLlama-1.1B-Chat-v1.0,Turkey,3,no_doc,0.4945191740989685,0.3267129361629486,1,2,An,True,False
TinyLlama/TinyLlama-1.1B-Chat-v1.0,Turkey,3,doc,0.033329397439956665,0.5032308101654053,5,1,Ist,False,True
TinyLlama/TinyLlama-1.1B-Chat-v1.0,Vietnam,1,no_doc,0.9196352958679199,0.0014187946217134595,1,4,H,True,False
TinyLlama/TinyLlama-1.1B-Chat-v1.0,Vietnam,1,doc,0.42576536536216736,0.06728708744049072,1,4,H,True,False
TinyLlama/TinyLlama-1.1B-Chat-v1.0,Vietnam,2,no_doc,0.8933181762695312,0.0009125453070737422,1,6,H,True,False
TinyLlama/TinyLlama-1.1B-Chat-v1.0,Vietnam,2,doc,0.5406338572502136,0.09964210540056229,1,3,H,True,False
TinyLlama/TinyLlama-1.1B-Chat-v1.0,Vietnam,3,no_doc,0.4451819062232971,0.08776825666427612,1,3,H,True,False
TinyLlama/TinyLlama-1.1B-Chat-v1.0,Vietnam,3,doc,0.0730433538556099,0.3200456500053406,5,1,Sa,False,True
TinyLlama/TinyLlama-1.1B-Chat-v1.0,Nigeria,1,no_doc,0.9170024394989014,0.006871712859719992,1,4,Ab,True,False
TinyLlama/TinyLlama-1.1B-Chat-v1.0,Nigeria,1,doc,0.413586288690567,0.3742317855358124,1,2,Ab,True,False
TinyLlama/TinyLlama-1.1B-Chat-v1.0,Nigeria,2,no_doc,0.8778389692306519,0.057845499366521835,1,2,Ab,True,False
TinyLlama/TinyLlama-1.1B-Chat-v1.0,Nigeria,2,doc,0.1805790364742279,0.6935293078422546,2,1,Lag,False,True
TinyLlama/TinyLlama-1.1B-Chat-v1.0,Nigeria,3,no_doc,0.607803463935852,0.20286476612091064,1,2,Ab,True,False
TinyLlama/TinyLlama-1.1B-Chat-v1.0,Nigeria,3,doc,0.04306493327021599,0.6625968217849731,5,1,Lag,False,True
TinyLlama/TinyLlama-1.1B-Chat-v1.0,Switzerland,1,no_doc,0.3651009202003479,0.5676855444908142,2,1,Zur,False,True
TinyLlama/TinyLlama-1.1B-Chat-v1.0,Switzerland,1,doc,0.0384049229323864,0.8959708213806152,2,1,Zur,False,True
TinyLlama/TinyLlama-1.1B-Chat-v1.0,Switzerland,2,no_doc,0.37334001064300537,0.38588231801986694,2,1,Zur,False,True
TinyLlama/TinyLlama-1.1B-Chat-v1.0,Switzerland,2,doc,0.06400232762098312,0.8105987310409546,2,1,Zur,False,True
TinyLlama/TinyLlama-1.1B-Chat-v1.0,Switzerland,3,no_doc,0.7387123703956604,0.0449303463101387,1,2,Bern,True,False
TinyLlama/TinyLlama-1.1B-Chat-v1.0,Switzerland,3,doc,0.013569501228630543,0.39721032977104187,8,1,Zur,False,True
TinyLlama/TinyLlama-1.1B-Chat-v1.0,Netherlands,1,no_doc,0.8960030674934387,0.00037093376158736646,1,17,Amsterdam,True,False
TinyLlama/TinyLlama-1.1B-Chat-v1.0,Netherlands,1,doc,0.006296860054135323,0.9362112283706665,3,1,Rot,False,True
TinyLlama/TinyLlama-1.1B-Chat-v1.0,Netherlands,2,no_doc,0.7365765571594238,0.0009941116441041231,1,18,Amsterdam,True,False
TinyLlama/TinyLlama-1.1B-Chat-v1.0,Netherlands,2,doc,0.12265317142009735,0.7164137959480286,2,1,Rot,False,True
TinyLlama/TinyLlama-1.1B-Chat-v1.0,Netherlands,3,no_doc,0.40629273653030396,0.027187826111912727,1,5,Amsterdam,True,False
TinyLlama/TinyLlama-1.1B-Chat-v1.0,Netherlands,3,doc,0.03978615626692772,0.5463529229164124,5,1,Rot,False,True
TinyLlama/TinyLlama-1.1B-Chat-v1.0,Poland,1,no_doc,0.9477614164352417,0.0030223974026739597,1,4,Wars,True,False
TinyLlama/TinyLlama-1.1B-Chat-v1.0,Poland,1,doc,0.4131004214286804,0.5175257325172424,2,1,Krak,False,True
TinyLlama/TinyLlama-1.1B-Chat-v1.0,Poland,2,no_doc,0.9330331087112427,0.003263029968366027,1,5,Wars,True,False
TinyLlama/TinyLlama-1.1B-Chat-v1.0,Poland,2,doc,0.5153385400772095,0.3536688983440399,1,2,Wars,True,False
TinyLlama/TinyLlama-1.1B-Chat-v1.0,Poland,3,no_doc,0.8606211543083191,0.04329007863998413,1,2,Wars,True,False
TinyLlama/TinyLlama-1.1B-Chat-v1.0,Poland,3,doc,0.08285848796367645,0.4071127772331238,4,1,Krak,False,True
TinyLlama/TinyLlama-1.1B-Chat-v1.0,Sweden,1,no_doc,0.9947094917297363,0.0005769471754319966,1,4,Stockholm,True,False
TinyLlama/TinyLlama-1.1B-Chat-v1.0,Sweden,1,doc,0.5089308023452759,0.4479159116744995,1,2,Stockholm,True,False
TinyLlama/TinyLlama-1.1B-Chat-v1.0,Sweden,2,no_doc,0.9793055653572083,0.001972069963812828,1,3,Stockholm,True,False
TinyLlama/TinyLlama-1.1B-Chat-v1.0,Sweden,2,doc,0.7980497479438782,0.13856787979602814,1,2,Stockholm,True,False
TinyLlama/TinyLlama-1.1B-Chat-v1.0,Sweden,3,no_doc,0.5779070854187012,0.014242084696888924,1,9,Stockholm,True,False
TinyLlama/TinyLlama-1.1B-Chat-v1.0,Sweden,3,doc,0.11969556659460068,0.29922133684158325,4,1,Goth,False,True
TinyLlama/TinyLlama-1.1B-Chat-v1.0,Germany,1,no_doc,0.9912227392196655,0.00012465690087992698,1,14,Berlin,True,False
TinyLlama/TinyLlama-1.1B-Chat-v1.0,Germany,1,doc,0.6298138499259949,0.18957802653312683,1,2,Berlin,True,False
TinyLlama/TinyLlama-1.1B-Chat-v1.0,Germany,2,no_doc,0.9488732814788818,0.0013387106591835618,1,9,Berlin,True,False
TinyLlama/TinyLlama-1.1B-Chat-v1.0,Germany,2,doc,0.489480197429657,0.3420901596546173,1,2,Berlin,True,False
TinyLlama/TinyLlama-1.1B-Chat-v1.0,Germany,3,no_doc,0.6961400508880615,0.006260054185986519,1,7,Berlin,True,False
TinyLlama/TinyLlama-1.1B-Chat-v1.0,Germany,3,doc,0.09042267501354218,0.2048245221376419,5,1,Mun,False,True
TinyLlama/TinyLlama-1.1B-Chat-v1.0,Argentina,1,no_doc,0.9880526065826416,3.378902874828782e-06,1,105,Buenos,True,False
TinyLlama/TinyLlama-1.1B-Chat-v1.0,Argentina,1,doc,0.9240939617156982,0.013760861940681934,1,3,Buenos,True,False
TinyLlama/TinyLlama-1.1B-Chat-v1.0,Argentina,2,no_doc,0.8932653069496155,5.6008871069934685e-06,1,145,Buenos,True,False
TinyLlama/TinyLlama-1.1B-Chat-v1.0,Argentina,2,doc,0.8862377405166626,0.0010209677275270224,1,9,Buenos,True,False
TinyLlama/TinyLlama-1.1B-Chat-v1.0,Argentina,3,no_doc,0.9012099504470825,0.000789421726949513,1,25,Buenos,True,False
TinyLlama/TinyLlama-1.1B-Chat-v1.0,Argentina,3,doc,0.5480763912200928,0.03714946657419205,1,5,Buenos,True,False
Qwen/Qwen2.5-1.5B-Instruct,France,1,no_doc,0.9953529834747314,5.9119879551872145e-06,1,56, Paris,True,False
Qwen/Qwen2.5-1.5B-Instruct,France,1,doc,0.061307393014431,0.7187688946723938,3,1, Lyon,False,True
Qwen/Qwen2.5-1.5B-Instruct,France,2,no_doc,0.8978841304779053,2.8778635169146582e-05,1,89, Paris,True,False
Qwen/Qwen2.5-1.5B-Instruct,France,2,doc,0.036996226757764816,0.5082478523254395,3,1, Lyon,False,True
Qwen/Qwen2.5-1.5B-Instruct,France,3,no_doc,0.7364910244941711,0.00047754551633261144,1,48, Paris,True,False
Qwen/Qwen2.5-1.5B-Instruct,France,3,doc,0.04472624137997627,0.2160874605178833,7,1, Lyon,False,True
Qwen/Qwen2.5-1.5B-Instruct,Japan,1,no_doc,0.9914454221725464,0.0002788043057080358,1,10, Tokyo,True,False
Qwen/Qwen2.5-1.5B-Instruct,Japan,1,doc,0.036194317042827606,0.7599697113037109,3,1, Osaka,False,True
Qwen/Qwen2.5-1.5B-Instruct,Japan,2,no_doc,0.906485915184021,0.0017085057916119695,1,9, Tokyo,True,False
Qwen/Qwen2.5-1.5B-Instruct,Japan,2,doc,0.02857920713722706,0.49018898606300354,7,1, Osaka,False,True
Qwen/Qwen2.5-1.5B-Instruct,Japan,3,no_doc,0.745902419090271,0.0027598917949944735,1,16, Tokyo,True,False
Qwen/Qwen2.5-1.5B-Instruct,Japan,3,doc,0.06994199752807617,0.27591243386268616,4,1, Osaka,False,True
Qwen/Qwen2.5-1.5B-Instruct,Italy,1,no_doc,0.9892744421958923,0.002035384299233556,1,3, Rome,True,False
Qwen/Qwen2.5-1.5B-Instruct,Italy,1,doc,0.010864181444048882,0.8191594481468201,4,1, Milan,False,True
Qwen/Qwen2.5-1.5B-Instruct,Italy,2,no_doc,0.9180818200111389,0.005551442503929138,1,3, Rome,True,False
Qwen/Qwen2.5-1.5B-Instruct,Italy,2,doc,0.004965022671967745,0.6600189208984375,11,1, Milan,False,True
Qwen/Qwen2.5-1.5B-Instruct,Italy,3,no_doc,0.5853918194770813,0.0026360901538282633,1,16, Rome,True,False
Qwen/Qwen2.5-1.5B-Instruct,Italy,3,doc,0.008396966382861137,0.22331736981868744,15,1, Milan,False,True
Qwen/Qwen2.5-1.5B-Instruct,Egypt,1,no_doc,0.994280219078064,0.00018309769802726805,1,11, Cairo,True,False
Qwen/Qwen2.5-1.5B-Instruct,Egypt,1,doc,0.03874395415186882,0.6865290999412537,3,1, Alexandria,False,True
Qwen/Qwen2.5-1.5B-Instruct,Egypt,2,no_doc,0.9402157664299011,0.0006241806549951434,1,11, Cairo,True,False
Qwen/Qwen2.5-1.5B-Instruct,Egypt,2,doc,0.00539409089833498,0.6510881185531616,9,1, Alexandria,False,True
Qwen/Qwen2.5-1.5B-Instruct,Egypt,3,no_doc,0.6261328458786011,0.0030179303139448166,1,16, Cairo,True,False
Qwen/Qwen2.5-1.5B-Instruct,Egypt,3,doc,0.015275628305971622,0.3105851411819458,10,1, Alexandria,False,True
Qwen/Qwen2.5-1.5B-Instruct,Canada,1,no_doc,0.9962407350540161,0.0013214295031502843,1,2, Ottawa,True,False
Qwen/Qwen2.5-1.5B-Instruct,Canada,1,doc,0.15764199197292328,0.6025000810623169,2,1, Toronto,False,True
Qwen/Qwen2.5-1.5B-Instruct,Canada,2,no_doc,0.9673571586608887,0.0026176359970122576,1,4, Ottawa,True,False
Qwen/Qwen2.5-1.5B-Instruct,Canada,2,doc,0.02910231053829193,0.5044184327125549,5,1, Toronto,False,True
Qwen/Qwen2.5-1.5B-Instruct,Canada,3,no_doc,0.7460720539093018,0.018179163336753845,1,5, Ottawa,True,False
Qwen/Qwen2.5-1.5B-Instruct,Canada,3,doc,0.10704164206981659,0.3573315739631653,3,1, Toronto,False,True
Qwen/Qwen2.5-1.5B-Instruct,Australia,1,no_doc,0.9931597709655762,0.0017503667622804642,1,2, Canberra,True,False
Qwen/Qwen2.5-1.5B-Instruct,Australia,1,doc,0.02672041766345501,0.7453659772872925,3,1, Sydney,False,True
Qwen/Qwen2.5-1.5B-Instruct,Australia,2,no_doc,0.9417092800140381,0.004012238699942827,1,4, Canberra,True,False
Qwen/Qwen2.5-1.5B-Instruct,Australia,2,doc,0.03480874001979828,0.5118629932403564,4,1, Sydney,False,True
Qwen/Qwen2.5-1.5B-Instruct,Australia,3,no_doc,0.7443132996559143,0.013670353218913078,1,4, Canberra,True,False
Qwen/Qwen2.5-1.5B-Instruct,Australia,3,doc,0.0281173437833786,0.47943586111068726,6,1, Sydney,False,True
Qwen/Qwen2.5-1.5B-Instruct,Spain,1,no_doc,0.9984473586082458,9.206326649291441e-05,1,6, Madrid,True,False
Qwen/Qwen2.5-1.5B-Instruct,Spain,1,doc,0.029820729047060013,0.7108021378517151,3,1, Barcelona,False,True
Qwen/Qwen2.5-1.5B-Instruct,Spain,2,no_doc,0.980430543422699,0.0002009776799241081,1,11, Madrid,True,False
Qwen/Qwen2.5-1.5B-Instruct,Spain,2,doc,0.007961445488035679,0.6898888349533081,8,1, Barcelona,False,True
Qwen/Qwen2.5-1.5B-Instruct,Spain,3,no_doc,0.8727027177810669,0.003696337342262268,1,6, Madrid,True,False
Qwen/Qwen2.5-1.5B-Instruct,Spain,3,doc,0.024074792861938477,0.13829770684242249,9,2, now,False,False
Qwen/Qwen2.5-1.5B-Instruct,Russia,1,no_doc,0.9890373349189758,4.900490239378996e-06,1,90, Moscow,True,False
Qwen/Qwen2.5-1.5B-Instruct,Russia,1,doc,0.07347898185253143,0.38490617275238037,3,1, Petersburg,False,True
Qwen/Qwen2.5-1.5B-Instruct,Russia,2,no_doc,0.8139200210571289,8.350142161361873e-05,1,82, Moscow,True,False
Qwen/Qwen2.5-1.5B-Instruct,Russia,2,doc,0.021246908232569695,0.22313176095485687,8,1, Petersburg,False,True
Qwen/Qwen2.5-1.5B-Instruct,Russia,3,no_doc,0.6289762854576111,6.40263024251908e-05,1,217, Moscow,True,False
Qwen/Qwen2.5-1.5B-Instruct,Russia,3,doc,0.06264393031597137,0.03555882349610329,6,8, now,False,False
Qwen/Qwen2.5-1.5B-Instruct,China,1,no_doc,0.9923588633537292,0.00011451603495515883,1,15, Beijing,True,False
Qwen/Qwen2.5-1.5B-Instruct,China,1,doc,0.012746479362249374,0.6259481906890869,8,1, Shanghai,False,True
Qwen/Qwen2.5-1.5B-Instruct,China,2,no_doc,0.9102769494056702,0.0002663324121385813,1,29, Beijing,True,False
Qwen/Qwen2.5-1.5B-Instruct,China,2,doc,0.016230346634984016,0.3023901581764221,7,1, Shanghai,False,True
Qwen/Qwen2.5-1.5B-Instruct,China,3,no_doc,0.7297215461730957,0.0015947045758366585,1,24, Beijing,True,False
Qwen/Qwen2.5-1.5B-Instruct,China,3,doc,0.017021987587213516,0.07562331110239029,11,4, now,False,False
Qwen/Qwen2.5-1.5B-Instruct,Kenya,1,no_doc,0.9891429543495178,2.229878077741887e-07,1,244, Nairobi,True,False
Qwen/Qwen2.5-1.5B-Instruct,Kenya,1,doc,0.07695558667182922,0.6364349722862244,3,1, M,False,True
Qwen/Qwen2.5-1.5B-Instruct,Kenya,2,no_doc,0.9586411714553833,4.195858764433069e-06,1,116, Nairobi,True,False
Qwen/Qwen2.5-1.5B-Instruct,Kenya,2,doc,0.012701187282800674,0.5933424830436707,7,1, M,False,True
Qwen/Qwen2.5-1.5B-Instruct,Kenya,3,no_doc,0.5545437932014465,0.0005558278644457459,1,47, Nairobi,True,False
Qwen/Qwen2.5-1.5B-Instruct,Kenya,3,doc,0.04222037270665169,0.21359801292419434,7,1, M,False,True
Qwen/Qwen2.5-1.5B-Instruct,Peru,1,no_doc,0.9374198913574219,3.953041596105322e-05,1,48, Lima,True,False
Qwen/Qwen2.5-1.5B-Instruct,Peru,1,doc,0.09712021797895432,0.598218560218811,2,1, C,False,True
Qwen/Qwen2.5-1.5B-Instruct,Peru,2,no_doc,0.6782671809196472,4.1406114178244025e-05,1,89, Lima,True,False
Qwen/Qwen2.5-1.5B-Instruct,Peru,2,doc,0.006461973302066326,0.5331003665924072,12,1, C,False,True
Qwen/Qwen2.5-1.5B-Instruct,Peru,3,no_doc,0.24424177408218384,5.803987733088434e-05,2,337, the,False,False
Qwen/Qwen2.5-1.5B-Instruct,Peru,3,doc,0.005490841343998909,0.26891446113586426,15,1, C,False,True
Qwen/Qwen2.5-1.5B-Instruct,Norway,1,no_doc,0.9973642230033875,9.322632831754163e-05,1,8, Oslo,True,False
Qwen/Qwen2.5-1.5B-Instruct,Norway,1,doc,0.13036160171031952,0.3189316987991333,3,1, Bergen,False,True
Qwen/Qwen2.5-1.5B-Instruct,Norway,2,no_doc,0.9457087516784668,0.00025201926473528147,1,15, Oslo,True,False
Qwen/Qwen2.5-1.5B-Instruct,Norway,2,doc,0.0328407846391201,0.3492926061153412,5,1, Bergen,False,True
Qwen/Qwen2.5-1.5B-Instruct,Norway,3,no_doc,0.7516278624534607,0.0011010069865733385,1,21, Oslo,True,False
Qwen/Qwen2.5-1.5B-Instruct,Norway,3,doc,0.09816954284906387,0.044344544410705566,4,8, no,False,False
Qwen/Qwen2.5-1.5B-Instruct,Greece,1,no_doc,0.9932771325111389,5.9741141740232706e-05,1,20, Athens,True,False
Qwen/Qwen2.5-1.5B-Instruct,Greece,1,doc,0.03284500539302826,0.8451812267303467,3,1, Th,False,True
Qwen/Qwen2.5-1.5B-Instruct,Greece,2,no_doc,0.9269659519195557,0.00024061244039330631,1,20, Athens,True,False
Qwen/Qwen2.5-1.5B-Instruct,Greece,2,doc,0.0023702795151621103,0.8335596919059753,13,1, Th,False,True
Qwen/Qwen2.5-1.5B-Instruct,Greece,3,no_doc,0.6833046078681946,0.00037921289913356304,1,63, Athens,True,False
Qwen/Qwen2.5-1.5B-Instruct,Greece,3,doc,0.007373414002358913,0.5097298622131348,11,1, Th,False,True
Qwen/Qwen2.5-1.5B-Instruct,Portugal,1,no_doc,0.9946042895317078,0.000277645856840536,1,6, Lisbon,True,False
Qwen/Qwen2.5-1.5B-Instruct,Portugal,1,doc,0.0746738538146019,0.46339017152786255,3,1, Porto,False,True
Qwen/Qwen2.5-1.5B-Instruct,Portugal,2,no_doc,0.9658802151679993,0.00021522374299820513,1,15, Lisbon,True,False
Qwen/Qwen2.5-1.5B-Instruct,Portugal,2,doc,0.027880778536200523,0.29662081599235535,6,1, Porto,False,True
Qwen/Qwen2.5-1.5B-Instruct,Portugal,3,no_doc,0.8439125418663025,0.0018585155485197902,1,12, Lisbon,True,False
Qwen/Qwen2.5-1.5B-Instruct,Portugal,3,doc,0.027301689609885216,0.08960625529289246,9,3, now,False,False
Qwen/Qwen2.5-1.5B-Instruct,Morocco,1,no_doc,0.9108685255050659,0.04159851372241974,1,2, Rab,True,False
Qwen/Qwen2.5-1.5B-Instruct,Morocco,1,doc,0.010223946534097195,0.8235042691230774,4,1, Cas,False,True
Qwen/Qwen2.5-1.5B-Instruct,Morocco,2,no_doc,0.6241590976715088,0.026500780135393143,1,4, Rab,True,False
Qwen/Qwen2.5-1.5B-Instruct,Morocco,2,doc,0.0022007711231708527,0.47892460227012634,29,1, Cas,False,True
Qwen/Qwen2.5-1.5B-Instruct,Morocco,3,no_doc,0.3807496428489685,0.03378835693001747,1,5, Rab,True,False
Qwen/Qwen2.5-1.5B-Instruct,Morocco,3,doc,0.0017733724089339375,0.07465046644210815,34,5, now,False,False
Qwen/Qwen2.5-1.5B-Instruct,Turkey,1,no_doc,0.9521364569664001,0.04475442320108414,1,2, Ankara,True,False
Qwen/Qwen2.5-1.5B-Instruct,Turkey,1,doc,0.02867784909904003,0.8134749531745911,3,1, Istanbul,False,True
Qwen/Qwen2.5-1.5B-Instruct,Turkey,2,no_doc,0.9214298725128174,0.03201964125037193,1,2, Ankara,True,False
Qwen/Qwen2.5-1.5B-Instruct,Turkey,2,doc,0.004508279263973236,0.713762104511261,11,1, Istanbul,False,True
Qwen/Qwen2.5-1.5B-Instruct,Turkey,3,no_doc,0.764656662940979,0.04666535183787346,1,3, Ankara,True,False
Qwen/Qwen2.5-1.5B-Instruct,Turkey,3,doc,0.017311222851276398,0.44683969020843506,10,1, Istanbul,False,True
Qwen/Qwen2.5-1.5B-Instruct,Vietnam,1,no_doc,0.9113585352897644,0.006096200551837683,1,4, H,True,False
Qwen/Qwen2.5-1.5B-Instruct,Vietnam,1,doc,0.007106791716068983,0.8239471316337585,6,1, Sa,False,True
Qwen/Qwen2.5-1.5B-Instruct,Vietnam,2,no_doc,0.7599737644195557,0.01350574940443039,1,5, H,True,False
Qwen/Qwen2.5-1.5B-Instruct,Vietnam,2,doc,0.004919529892504215,0.6074073910713196,12,1, Sa,False,True
Qwen/Qwen2.5-1.5B-Instruct,Vietnam,3,no_doc,0.5041399002075195,0.035846561193466187,1,5, H,True,False
Qwen/Qwen2.5-1.5B-Instruct,Vietnam,3,doc,0.00227312371134758,0.40879255533218384,21,1, Sa,False,True
Qwen/Qwen2.5-1.5B-Instruct,Nigeria,1,no_doc,0.7569859027862549,0.21108567714691162,1,2, Abu,True,False
Qwen/Qwen2.5-1.5B-Instruct,Nigeria,1,doc,0.02244863472878933,0.6653299331665039,5,1, Lagos,False,True
Qwen/Qwen2.5-1.5B-Instruct,Nigeria,2,no_doc,0.6941863298416138,0.2088770717382431,1,2, Abu,True,False
Qwen/Qwen2.5-1.5B-Instruct,Nigeria,2,doc,0.000913648575078696,0.5601763129234314,40,1, Lagos,False,True
Qwen/Qwen2.5-1.5B-Instruct,Nigeria,3,no_doc,0.5222272276878357,0.04346167668700218,1,4, Abu,True,False
Qwen/Qwen2.5-1.5B-Instruct,Nigeria,3,doc,0.009675504639744759,0.10614013671875,15,3, now,False,False
Qwen/Qwen2.5-1.5B-Instruct,Switzerland,1,no_doc,0.9232959151268005,0.013616818003356457,1,3, Bern,True,False
Qwen/Qwen2.5-1.5B-Instruct,Switzerland,1,doc,0.0006885869079269469,0.8083396553993225,31,1, Zurich,False,True
Qwen/Qwen2.5-1.5B-Instruct,Switzerland,2,no_doc,0.8475862741470337,0.009810506366193295,1,5, Bern,True,False
Qwen/Qwen2.5-1.5B-Instruct,Switzerland,2,doc,0.0007353053078986704,0.6747192144393921,45,1, Zurich,False,True
Qwen/Qwen2.5-1.5B-Instruct,Switzerland,3,no_doc,0.32592299580574036,0.04603802412748337,1,5, Bern,True,False
Qwen/Qwen2.5-1.5B-Instruct,Switzerland,3,doc,0.0002501412818673998,0.2640364468097687,124,1, Zurich,False,True
Qwen/Qwen2.5-1.5B-Instruct,Netherlands,1,no_doc,0.914280116558075,0.00018413065117783844,1,20, Amsterdam,True,False
Qwen/Qwen2.5-1.5B-Instruct,Netherlands,1,doc,0.028388310223817825,0.6483443975448608,5,1, Rotterdam,False,True
Qwen/Qwen2.5-1.5B-Instruct,Netherlands,2,no_doc,0.7781262397766113,0.00026063466793857515,1,34, Amsterdam,True,False
Qwen/Qwen2.5-1.5B-Instruct,Netherlands,2,doc,0.009041883051395416,0.586478054523468,11,1, Rotterdam,False,True
Qwen/Qwen2.5-1.5B-Instruct,Netherlands,3,no_doc,0.2693932354450226,0.0022105565294623375,1,36, Amsterdam,True,False
Qwen/Qwen2.5-1.5B-Instruct,Netherlands,3,doc,0.0040463958866894245,0.24503138661384583,17,1, Rotterdam,False,True
Qwen/Qwen2.5-1.5B-Instruct,Poland,1,no_doc,0.9981032609939575,0.0009690371807664633,1,2, Warsaw,True,False
Qwen/Qwen2.5-1.5B-Instruct,Poland,1,doc,0.002492170548066497,0.8431412577629089,9,1, Krak,False,True
Qwen/Qwen2.5-1.5B-Instruct,Poland,2,no_doc,0.9695205688476562,0.00526508828625083,1,3, Warsaw,True,False
Qwen/Qwen2.5-1.5B-Instruct,Poland,2,doc,0.004637163132429123,0.7357683181762695,9,1, Krak,False,True
Qwen/Qwen2.5-1.5B-Instruct,Poland,3,no_doc,0.9012581706047058,0.0018408027244731784,1,8, Warsaw,True,False
Qwen/Qwen2.5-1.5B-Instruct,Poland,3,doc,0.0029222217854112387,0.17255669832229614,21,2, now,False,False
Qwen/Qwen2.5-1.5B-Instruct,Sweden,1,no_doc,0.9989155530929565,0.00010302782175131142,1,3, Stockholm,True,False
Qwen/Qwen2.5-1.5B-Instruct,Sweden,1,doc,0.060474246740341187,0.7290987968444824,2,1, Go,False,True
Qwen/Qwen2.5-1.5B-Instruct,Sweden,2,no_doc,0.9704591035842896,0.00020556015078909695,1,13, Stockholm,True,False
Qwen/Qwen2.5-1.5B-Instruct,Sweden,2,doc,0.03584388643503189,0.491700142621994,4,1, Go,False,True
Qwen/Qwen2.5-1.5B-Instruct,Sweden,3,no_doc,0.8107475638389587,0.0004205018631182611,1,42, Stockholm,True,False
Qwen/Qwen2.5-1.5B-Instruct,Sweden,3,doc,0.015468411147594452,0.22105394303798676,11,1, Go,False,True
Qwen/Qwen2.5-1.5B-Instruct,Germany,1,no_doc,0.9989721775054932,3.214869866496883e-05,1,10, Berlin,True,False
Qwen/Qwen2.5-1.5B-Instruct,Germany,1,doc,0.11585882306098938,0.63699871301651,2,1, Munich,False,True
Qwen/Qwen2.5-1.5B-Instruct,Germany,2,no_doc,0.9927247166633606,2.982774458359927e-05,1,22, Berlin,True,False
Qwen/Qwen2.5-1.5B-Instruct,Germany,2,doc,0.047561291605234146,0.536239504814148,3,1, Munich,False,True
Qwen/Qwen2.5-1.5B-Instruct,Germany,3,no_doc,0.9069827198982239,0.0008770248387008905,1,15, Berlin,True,False
Qwen/Qwen2.5-1.5B-Instruct,Germany,3,doc,0.06093625724315643,0.1779835969209671,5,1, Munich,False,True
Qwen/Qwen2.5-1.5B-Instruct,Argentina,1,no_doc,0.9942851662635803,9.24550590752915e-07,1,108, Buenos,True,False
Qwen/Qwen2.5-1.5B-Instruct,Argentina,1,doc,0.015566288493573666,0.5807678699493408,6,1, Cord,False,True
Qwen/Qwen2.5-1.5B-Instruct,Argentina,2,no_doc,0.8144144415855408,6.447583928093081e-06,1,188, Buenos,True,False
Qwen/Qwen2.5-1.5B-Instruct,Argentina,2,doc,0.00798354484140873,0.3592592179775238,11,1, Cord,False,True
Qwen/Qwen2.5-1.5B-Instruct,Argentina,3,no_doc,0.48291096091270447,1.0284154996043071e-05,1,789, Buenos,True,False
Qwen/Qwen2.5-1.5B-Instruct,Argentina,3,doc,0.007785118650645018,0.1264161467552185,14,3, now,False,False
