model,params_M,probe,answer_tokens,answer_first_piece,D_sync_plain,D_sync_nats,D_sync_irrelevant,D_sync_leak,help_nats,help_available_nats,stale_boost_nats,I_ctx_nats,I_irrelevant_nats,top_token_ctx,correct_top1
gpt2,124,vioxx,1, withdrawn,12.32076644897461,12.046375274658203,13.179874420166016,2.544154405593872,0.27439117431640625,9.776612043380737,0.12615901231765747,0.033291105180978775,0.08876994252204895, safe,False
gpt2,124,monarch,1, Charles,3.9441304206848145,2.9114127159118652,3.736841917037964,1.0682755708694458,1.0327177047729492,2.8758548498153687,0.9565764665603638,0.15803751349449158,0.08003294467926025, Queen,False
gpt2,124,twitter,1, X,8.137954711914062,2.087137222290039,8.039837837219238,1.1159393787384033,6.050817489624023,7.022015333175659,-0.47998231649398804,0.8960164785385132,0.11755134165287018, Twitter,False
gpt2-medium,355,vioxx,1, withdrawn,11.37819766998291,10.963464736938477,10.623847007751465,0.8485065698623657,0.4147329330444336,10.529691100120544,0.3603847026824951,0.1213691234588623,0.06983168423175812, safe,False
gpt2-medium,355,monarch,1, Charles,4.97409725189209,1.4123810529708862,4.263113021850586,1.1154799461364746,3.5617161989212036,3.8586173057556152,-0.39308738708496094,0.7620994448661804,0.05153622850775719, Charles,True
gpt2-medium,355,twitter,1, X,6.4524993896484375,1.1915581226348877,6.694421768188477,0.4833124577999115,5.26094126701355,5.969186931848526,-0.21376746892929077,1.427842378616333,0.11506610363721848, Twitter,False
gpt2-large,774,vioxx,1, withdrawn,12.139535903930664,11.905241012573242,11.860681533813477,1.5566178560256958,0.23429489135742188,10.582918047904968,0.36552953720092773,0.09798092395067215,0.041543226689100266, safe,False
gpt2-large,774,monarch,1, Charles,5.489139556884766,3.986233711242676,4.259984016418457,0.3425501585006714,1.5029058456420898,5.146589398384094,-0.38047581911087036,0.13996729254722595,0.20319294929504395, Queen,False
gpt2-large,774,twitter,1, X,8.24456787109375,0.7138381004333496,7.917407512664795,0.3752143383026123,7.5307297706604,7.869353532791138,-1.695410132408142,3.659851312637329,0.12136916071176529, X,True
Qwen/Qwen2.5-0.5B-Instruct,494,vioxx,1, withdrawn,10.651984214782715,7.0329270362854,9.536200523376465,0.38250496983528137,3.6190571784973145,10.269479244947433,0.7801938056945801,0.4170660078525543,0.11416837573051453, to,False
Qwen/Qwen2.5-0.5B-Instruct,494,monarch,1, Charles,6.734127521514893,3.3153929710388184,6.330380916595459,0.08018369227647781,3.418734550476074,6.653943829238415,-0.11749851703643799,0.1807214766740799,0.014429488219320774, Queen,False
Qwen/Qwen2.5-0.5B-Instruct,494,twitter,1, X,10.809941291809082,0.3182421624660492,8.856595993041992,0.27255478501319885,10.491699129343033,10.537386506795883,-2.2082945108413696,7.686357498168945,0.7485941052436829, X,True
TinyLlama/TinyLlama-1.1B-Chat-v1.0,1100,vioxx,3,with,10.164373397827148,9.216903686523438,9.850605964660645,0.3059349060058594,0.9474697113037109,9.858438491821289,0.19477498531341553,0.05024882033467293,0.01870482787489891,safe,False
TinyLlama/TinyLlama-1.1B-Chat-v1.0,1100,monarch,1,Charles,5.067997932434082,1.7836828231811523,4.884829044342041,1.5949422121047974,3.2843151092529297,3.4730557203292847,-1.7102173268795013,2.0480306148529053,0.004868999123573303,King,False
TinyLlama/TinyLlama-1.1B-Chat-v1.0,1100,twitter,1,X,9.692161560058594,0.17002616822719574,9.020285606384277,0.0577818900346756,9.522135391831398,9.634379670023918,-2.321186065673828,7.8180670738220215,0.04496688395738602,X,True
Qwen/Qwen2.5-1.5B-Instruct,1544,vioxx,1, withdrawn,7.9199113845825195,8.854169845581055,9.351236343383789,0.1984190046787262,-0.9342584609985352,7.721492379903793,-0.031456589698791504,0.4367761015892029,0.06697173416614532, unsafe,False
Qwen/Qwen2.5-1.5B-Instruct,1544,monarch,1, Charles,4.888730525970459,0.6425930261611938,4.302952289581299,0.12057171761989594,4.246137499809265,4.768158808350563,-2.7027149200439453,2.284658432006836,0.09403713792562485, Charles,True
Qwen/Qwen2.5-1.5B-Instruct,1544,twitter,1, X,3.768447160720825,0.08700910955667496,1.7453291416168213,0.011432374827563763,3.6814380511641502,3.7570147858932614,-5.941482782363892,3.4276158809661865,1.0732167959213257, X,True
