model,probe,d_q1,d_q2,d_q3,mean,sd,spread
gpt2,vioxx,12.046375274658203,2.8468329906463623,2.350721836090088,5.747976700464885,5.4602106203853635,9.695653438568115
gpt2,monarch,2.9114127159118652,2.195377826690674,3.545978546142578,2.884256362915039,0.6757097575713011,1.3506007194519043
gpt2,twitter,2.087137222290039,3.162780523300171,7.267951965332031,4.17262323697408,2.7340532328761507,5.180814743041992
gpt2-medium,vioxx,10.963464736938477,2.981368064880371,1.0084154605865479,4.984416087468465,5.271138639729021,9.955049276351929
gpt2-medium,monarch,1.4123810529708862,2.332179069519043,5.303310871124268,3.015956997871399,2.0335923642473572,3.8909298181533813
gpt2-medium,twitter,1.1915581226348877,0.749407947063446,3.1519033908843994,1.6976231535275776,1.2786995155291272,2.4024954438209534
gpt2-large,vioxx,11.905241012573242,4.608853816986084,1.4576226472854614,5.990572492281596,5.359108344670774,10.44761836528778
gpt2-large,monarch,3.986233711242676,3.993142604827881,4.558967590332031,4.179447968800862,0.3286917865539296,0.5727338790893555
gpt2-large,twitter,0.7138381004333496,0.317496657371521,2.7301621437072754,1.2538323005040486,1.2938060091533936,2.4126654863357544
Qwen/Qwen2.5-0.5B-Instruct,vioxx,7.0329270362854,0.3801649808883667,0.854002058506012,2.755698025226593,3.7117578589953353,6.652762055397034
Qwen/Qwen2.5-0.5B-Instruct,monarch,3.3153929710388184,2.0325942039489746,8.803028106689453,4.717005093892415,3.5962593364553177,6.7704339027404785
Qwen/Qwen2.5-0.5B-Instruct,twitter,0.3182421624660492,0.7399126887321472,4.054675579071045,1.7042768100897472,2.0463949491977305,3.7364334166049957
TinyLlama/TinyLlama-1.1B-Chat-v1.0,vioxx,9.216903686523438,0.42771363258361816,0.6854918003082275,3.443369706471761,5.001688051053102,8.78919005393982
TinyLlama/TinyLlama-1.1B-Chat-v1.0,monarch,1.7836828231811523,1.660279631614685,3.5551881790161133,2.3330502112706504,1.0601995076757749,1.8949085474014282
TinyLlama/TinyLlama-1.1B-Chat-v1.0,twitter,0.17002616822719574,0.1820422112941742,5.031696319580078,1.794588233033816,2.803424275651145,4.861670151352882
Qwen/Qwen2.5-1.5B-Instruct,vioxx,8.854169845581055,1.2561111450195312,1.0004069805145264,3.7035626570383706,4.462388593896432,7.853762865066528
Qwen/Qwen2.5-1.5B-Instruct,monarch,0.6425930261611938,1.3128230571746826,1.6436890363693237,1.1997017065684001,0.5100447386121154,1.0010960102081299
Qwen/Qwen2.5-1.5B-Instruct,twitter,0.08700910955667496,0.12375719845294952,2.1801064014434814,0.7969575698177019,1.1979829394988066,2.0930972918868065
